name,age_years,H1_fail_prob,H2_criticality,H3_overload_percent_h_year,load_profiles
Trafo_0,18.03287671232877,1.4631224e-10,0.6,0.0,"[0, 0, 438, 1314, 2628, 3504, 438, 438, 0, 0, 0, 0]"
Trafo_1,11.027397260273972,2.8995357e-15,0.1,0.0,"[0, 0, 438, 1314, 2628, 3504, 438, 438, 0, 0, 0, 0]"
Trafo_2,1.021917808219178,0.043159667,0.3,0.0,"[0, 0, 438, 1314, 2628, 3504, 438, 438, 0, 0, 0, 0]"
Trafo_3,10.027397260273972,0.023412516,0.2,0.0,"[438, 1314, 1752, 4380, 876, 0, 0, 0, 0, 0, 0, 0]"
Trafo_4,12.027397260273972,0.024196437,0.2,0.0,"[438, 1314, 1752, 4380, 876, 0, 0, 0, 0, 0, 0, 0]"
Trafo_5,36.04383561643836,0.009955733,0.3,0.0,"[0, 0, 0, 438, 876, 1752, 2190, 3066, 438, 0, 0, 0]"
Trafo_6,21.035616438356165,2.7769104e-08,0.1,0.0,"[438, 1314, 1752, 4380, 876, 0, 0, 0, 0, 0, 0, 0]"
Trafo_7,19.03287671232877,0.018918768,0.3,0.0,"[438, 1314, 1752, 4380, 876, 0, 0, 0, 0, 0, 0, 0]"
Trafo_8,17.03287671232877,0.02003628,0.2,0.0,"[438, 1314, 1752, 4380, 876, 0, 0, 0, 0, 0, 0, 0]"
Trafo_9,14.03013698630137,0.024049964,0.1,0.0,"[0, 0, 438, 1314, 2628, 3504, 438, 438, 0, 0, 0, 0]"
Trafo_10,12.027397260273972,0.023050368,0.3,0.0,"[0, 0, 438, 1314, 2628, 3504, 438, 438, 0, 0, 0, 0]"
Trafo_11,6.024657534246575,8.8757005e-27,0.7,0.0,"[0, 0, 438, 1314, 2628, 3504, 438, 438, 0, 0, 0, 0]"
Trafo_12,2.021917808219178,0.040254638,0.1,0.0,"[0, 0, 438, 1314, 2628, 3504, 438, 438, 0, 0, 0, 0]"
Trafo_13,14.03013698630137,0.024049964,0.3,0.0,"[0, 0, 438, 1314, 2628, 3504, 438, 438, 0, 0, 0, 0]"
Trafo_14,12.027397260273972,7.8803083e-13,0.0,0.0,"[438, 1314, 1752, 4380, 876, 0, 0, 0, 0, 0, 0, 0]"
Trafo_15,13.03013698630137,8.513837e-12,0.3,0.0,"[438, 1314, 1752, 4380, 876, 0, 0, 0, 0, 0, 0, 0]"
Trafo_16,23.035616438356165,0.000192443,0.2,0.0,"[0, 0, 438, 1314, 2628, 3504, 438, 438, 0, 0, 0, 0]"
Trafo_17,1.021917808219178,0.036922306,0.2,0.0,"[438, 1314, 1752, 4380, 876, 0, 0, 0, 0, 0, 0, 0]"
Trafo_18,11.027397260273972,0.022844946,0.7,0.0,"[438, 1314, 1752, 4380, 876, 0, 0, 0, 0, 0, 0, 0]"
Trafo_19,24.035616438356165,0.015251643,0.3,0.0,"[438, 1314, 1752, 4380, 876, 0, 0, 0, 0, 0, 0, 0]"
Trafo_20,25.03835616438356,0.014681447,0.1,0.0,"[0, 0, 438, 1314, 2628, 3504, 438, 438, 0, 0, 0, 0]"
Trafo_21,18.03287671232877,0.0190199,0.3,0.0,"[0, 0, 438, 1314, 2628, 3504, 438, 438, 0, 0, 0, 0]"
Trafo_22,18.03287671232877,0.018244402,0.0,0.0,"[438, 1314, 1752, 4380, 876, 0, 0, 0, 0, 0, 0, 0]"
Trafo_23,3.021917808219178,1.1690737e-30,0.9,0.0,"[0, 0, 438, 1314, 2628, 3504, 438, 438, 0, 0, 0, 0]"
Trafo_24,21.035616438356165,1.2943972e-05,0.2,0.0699851581230734,"[0, 0, 0, 0, 262, 438, 876, 1752, 2190, 2628, 438, 175]"
Trafo_25,3.021917808219178,0.033877574,0.3,0.0,"[0, 0, 438, 1314, 2628, 3504, 438, 438, 0, 0, 0, 0]"
Trafo_26,39.04657534246575,0.0090139825,0.1,0.0,"[438, 1314, 1752, 4380, 876, 0, 0, 0, 0, 0, 0, 0]"
Trafo_27,17.03287671232877,0.020930575,0.0,0.0,"[0, 0, 438, 1314, 2628, 3504, 438, 438, 0, 0, 0, 0]"
Trafo_28,11.027397260273972,0.02769858,0.0,0.0,"[0, 0, 438, 1314, 2628, 3504, 438, 438, 0, 0, 0, 0]"
Trafo_29,19.03287671232877,0.018918768,0.9,0.0,"[0, 0, 438, 1314, 2628, 3504, 438, 438, 0, 0, 0, 0]"
Trafo_30,37.04657534246575,0.009704635,0.1,0.0,"[438, 1314, 1752, 4380, 876, 0, 0, 0, 0, 0, 0, 0]"
Trafo_31,26.03835616438356,0.0072974926,0.7,0.0,"[0, 0, 0, 438, 876, 1752, 2190, 3066, 438, 0, 0, 0]"
Trafo_32,39.04657534246575,0.007894294,0.2,0.0,"[438, 1314, 1752, 4380, 876, 0, 0, 0, 0, 0, 0, 0]"
Trafo_33,35.04383561643836,0.009639108,0.0,0.0,"[0, 0, 438, 1314, 2628, 3504, 438, 438, 0, 0, 0, 0]"
Trafo_34,11.027397260273972,7.768503e-18,0.2,0.0,"[438, 1314, 1752, 4380, 876, 0, 0, 0, 0, 0, 0, 0]"
Trafo_35,11.027397260273972,0.025143651,0.3,0.0,"[0, 0, 438, 1314, 2628, 3504, 438, 438, 0, 0, 0, 0]"
Trafo_36,10.027397260273972,0.024731599,0.5,0.0,"[0, 0, 0, 438, 876, 1752, 2190, 3066, 438, 0, 0, 0]"
Trafo_37,17.03287671232877,2.4418616e-08,0.1,0.0,"[0, 0, 438, 1314, 2628, 3504, 438, 438, 0, 0, 0, 0]"
Trafo_38,10.027397260273972,0.029137565,0.3,0.0,"[0, 0, 438, 1314, 2628, 3504, 438, 438, 0, 0, 0, 0]"
Trafo_39,16.03013698630137,0.020749044,0.1,0.0,"[438, 1314, 1752, 4380, 876, 0, 0, 0, 0, 0, 0, 0]"
Trafo_40,15.03013698630137,0.023101581,0.1,0.0,"[0, 0, 438, 1314, 2628, 3504, 438, 438, 0, 0, 0, 0]"
Trafo_41,12.027397260273972,1.4940078e-16,0.1,0.0,"[0, 0, 0, 438, 876, 1752, 2190, 3066, 438, 0, 0, 0]"
Trafo_42,16.03013698630137,0.022054156,0.2,0.0,"[0, 0, 438, 1314, 2628, 3504, 438, 438, 0, 0, 0, 0]"
Trafo_43,19.03287671232877,0.018079437,0.0,0.0,"[0, 0, 438, 1314, 2628, 3504, 438, 438, 0, 0, 0, 0]"
Trafo_44,30.041095890410958,0.011892924,0.2,0.0,"[438, 1314, 1752, 4380, 876, 0, 0, 0, 0, 0, 0, 0]"
Trafo_45,11.027397260273972,2.8995357e-15,0.3,0.0,"[0, 0, 438, 1314, 2628, 3504, 438, 438, 0, 0, 0, 0]"
Trafo_46,19.03287671232877,9.1966007e-10,0.0,0.0,"[0, 0, 438, 1314, 2628, 3504, 438, 438, 0, 0, 0, 0]"
Trafo_47,14.03013698630137,0.02229675,0.8,0.0,"[0, 0, 438, 1314, 2628, 3504, 438, 438, 0, 0, 0, 0]"
Trafo_48,14.03013698630137,2.8355348e-14,0.0,0.0,"[0, 0, 438, 1314, 2628, 3504, 438, 438, 0, 0, 0, 0]"
Trafo_49,34.04383561643836,0.25708336,0.3,0.0,"[438, 1314, 1752, 4380, 876, 0, 0, 0, 0, 0, 0, 0]"
Trafo_50,7.024657534246575,0.029543493,0.1,0.0,"[0, 0, 438, 1314, 2628, 3504, 438, 438, 0, 0, 0, 0]"
Trafo_51,12.027397260273972,0.022107787,0.3,0.0,"[0, 0, 438, 1314, 2628, 3504, 438, 438, 0, 0, 0, 0]"
Trafo_52,17.03287671232877,0.02042345,0.3,0.0,"[438, 1314, 1752, 4380, 876, 0, 0, 0, 0, 0, 0, 0]"
Trafo_53,13.03013698630137,5.309186e-13,0.5,0.0,"[0, 0, 0, 438, 876, 1752, 2190, 3066, 438, 0, 0, 0]"
Trafo_54,19.03287671232877,0.019071208,1.0,0.0,"[0, 0, 438, 1314, 2628, 3504, 438, 438, 0, 0, 0, 0]"
Trafo_55,29.041095890410958,0.012654836,0.3,0.0,"[0, 0, 438, 1314, 2628, 3504, 438, 438, 0, 0, 0, 0]"
Trafo_56,14.03013698630137,0.022512054,0.5,0.0,"[438, 1314, 1752, 4380, 876, 0, 0, 0, 0, 0, 0, 0]"
Trafo_57,17.03287671232877,0.019892382,0.6,0.0,"[0, 0, 438, 1314, 2628, 3504, 438, 438, 0, 0, 0, 0]"
Trafo_58,15.03013698630137,0.020156953,0.9,0.0,"[0, 0, 438, 1314, 2628, 3504, 438, 438, 0, 0, 0, 0]"
Trafo_59,19.03287671232877,0.018381925,0.1,0.0,"[0, 0, 438, 1314, 2628, 3504, 438, 438, 0, 0, 0, 0]"
Trafo_60,11.027397260273972,2.8995357e-15,0.0,0.0,"[0, 0, 438, 1314, 2628, 3504, 438, 438, 0, 0, 0, 0]"
Trafo_61,39.04657534246575,0.009048157,0.3,0.0699851581230734,"[0, 0, 0, 0, 262, 438, 876, 1752, 2190, 2628, 438, 175]"
Trafo_62,4.021917808219178,0.03232303,0.3,0.0699851581230734,"[0, 0, 0, 0, 262, 438, 876, 1752, 2190, 2628, 438, 175]"
Trafo_63,19.03287671232877,0.018952407,0.1,0.0,"[0, 0, 438, 1314, 2628, 3504, 438, 438, 0, 0, 0, 0]"
Trafo_64,18.03287671232877,0.020005576,0.3,0.0,"[438, 1314, 1752, 4380, 876, 0, 0, 0, 0, 0, 0, 0]"
Trafo_65,10.027397260273972,0.02741144,0.0,0.0,"[0, 0, 438, 1314, 2628, 3504, 438, 438, 0, 0, 0, 0]"
Trafo_66,22.035616438356165,0.016666716,0.7,0.0,"[438, 1314, 1752, 4380, 876, 0, 0, 0, 0, 0, 0, 0]"
Trafo_67,13.03013698630137,5.309186e-13,0.8,0.0,"[438, 1314, 1752, 4380, 876, 0, 0, 0, 0, 0, 0, 0]"
Trafo_68,2.021917808219178,0.042574584,0.0,0.0,"[438, 1314, 1752, 4380, 876, 0, 0, 0, 0, 0, 0, 0]"
Trafo_69,18.03287671232877,0.02009707,0.5,0.0,"[438, 1314, 1752, 4380, 876, 0, 0, 0, 0, 0, 0, 0]"
Trafo_70,16.03013698630137,2.6538017e-12,0.1,0.0,"[0, 0, 438, 1314, 2628, 3504, 438, 438, 0, 0, 0, 0]"
Trafo_71,14.03013698630137,0.023206826,0.3,0.0699851581230734,"[0, 0, 0, 0, 262, 438, 876, 1752, 2190, 2628, 438, 175]"
Trafo_72,8.024657534246575,0.029408274,0.3,0.0,"[438, 1314, 1752, 4380, 876, 0, 0, 0, 0, 0, 0, 0]"
Trafo_73,18.03287671232877,1.3307417e-07,0.6,0.0,"[0, 0, 438, 1314, 2628, 3504, 438, 438, 0, 0, 0, 0]"
Trafo_74,32.04109589041096,0.044628855,0.0,0.0,"[438, 1314, 1752, 4380, 876, 0, 0, 0, 0, 0, 0, 0]"
Trafo_75,11.027397260273972,0.024524918,0.0,0.0,"[438, 1314, 1752, 4380, 876, 0, 0, 0, 0, 0, 0, 0]"
Trafo_76,18.03287671232877,1.3510471e-08,0.0,0.0699851581230734,"[0, 0, 0, 0, 262, 438, 876, 1752, 2190, 2628, 438, 175]"
Trafo_77,12.027397260273972,4.357926e-14,0.1,0.0,"[438, 1314, 1752, 4380, 876, 0, 0, 0, 0, 0, 0, 0]"
Trafo_78,23.035616438356165,6.124133e-07,0.2,0.0,"[0, 0, 0, 438, 876, 1752, 2190, 3066, 438, 0, 0, 0]"
Trafo_79,17.03287671232877,0.020105392,0.0,0.0,"[0, 0, 0, 438, 876, 1752, 2190, 3066, 438, 0, 0, 0]"
Trafo_80,18.03287671232877,0.019332508,0.3,0.0,"[0, 0, 438, 1314, 2628, 3504, 438, 438, 0, 0, 0, 0]"
Trafo_81,15.03013698630137,2.9584484e-13,0.0,0.0,"[0, 0, 438, 1314, 2628, 3504, 438, 438, 0, 0, 0, 0]"
Trafo_82,21.035616438356165,0.017473469,0.3,0.0,"[438, 1314, 1752, 4380, 876, 0, 0, 0, 0, 0, 0, 0]"
Trafo_83,17.03287671232877,0.020795634,0.2,0.0,"[438, 1314, 1752, 4380, 876, 0, 0, 0, 0, 0, 0, 0]"
Trafo_84,3.021917808219178,0.034507263,0.3,0.0,"[0, 0, 438, 1314, 2628, 3504, 438, 438, 0, 0, 0, 0]"
Trafo_85,25.03835616438356,1.04765195e-05,0.1,0.0,"[0, 0, 438, 1314, 2628, 3504, 438, 438, 0, 0, 0, 0]"
Trafo_86,12.027397260273972,0.026137752,0.2,0.0,"[0, 0, 438, 1314, 2628, 3504, 438, 438, 0, 0, 0, 0]"
Trafo_87,3.021917808219178,5.522469e-37,0.0,0.0,"[0, 0, 438, 1314, 2628, 3504, 438, 438, 0, 0, 0, 0]"
Trafo_88,17.03287671232877,0.02003628,0.0,0.0,"[0, 0, 438, 1314, 2628, 3504, 438, 438, 0, 0, 0, 0]"
Trafo_89,23.035616438356165,0.015855078,0.1,0.0,"[0, 0, 438, 1314, 2628, 3504, 438, 438, 0, 0, 0, 0]"
Trafo_90,27.03835616438356,0.0136008,0.3,0.0,"[0, 0, 438, 1314, 2628, 3504, 438, 438, 0, 0, 0, 0]"
Trafo_91,19.03287671232877,0.017648634,1.0,0.0,"[0, 0, 438, 1314, 2628, 3504, 438, 438, 0, 0, 0, 0]"
Trafo_92,11.027397260273972,0.02733535,0.3,0.0,"[0, 0, 438, 1314, 2628, 3504, 438, 438, 0, 0, 0, 0]"
Trafo_93,26.03835616438356,0.014028016,0.0,0.0,"[0, 0, 438, 1314, 2628, 3504, 438, 438, 0, 0, 0, 0]"
Trafo_94,19.03287671232877,7.285329e-08,0.0,0.0,"[438, 1314, 1752, 4380, 876, 0, 0, 0, 0, 0, 0, 0]"
Trafo_95,14.03013698630137,0.022719774,0.0,0.0699851581230734,"[0, 0, 0, 0, 262, 438, 876, 1752, 2190, 2628, 438, 175]"
Trafo_96,8.024657534246575,0.029601421,0.2,0.0,"[438, 1314, 1752, 4380, 876, 0, 0, 0, 0, 0, 0, 0]"
Trafo_97,24.035616438356165,0.015178999,0.1,0.0,"[0, 0, 438, 1314, 2628, 3504, 438, 438, 0, 0, 0, 0]"
Trafo_98,2.021917808219178,0.032435536,0.2,0.0,"[0, 0, 438, 1314, 2628, 3504, 438, 438, 0, 0, 0, 0]"
Trafo_99,18.03287671232877,0.019693503,0.1,0.0,"[0, 0, 438, 1314, 2628, 3504, 438, 438, 0, 0, 0, 0]"
Trafo_100,14.03013698630137,0.023113033,0.1,0.0,"[0, 0, 438, 1314, 2628, 3504, 438, 438, 0, 0, 0, 0]"
Trafo_101,18.03287671232877,0.019972079,0.1,0.0,"[0, 0, 438, 1314, 2628, 3504, 438, 438, 0, 0, 0, 0]"
Trafo_102,17.03287671232877,2.4418616e-08,0.8,0.0,"[0, 0, 438, 1314, 2628, 3504, 438, 438, 0, 0, 0, 0]"
Trafo_103,27.03835616438356,0.0041803853,0.6,0.0,"[0, 0, 438, 1314, 2628, 3504, 438, 438, 0, 0, 0, 0]"
Trafo_104,13.03013698630137,0.024402132,0.3,0.0,"[0, 0, 438, 1314, 2628, 3504, 438, 438, 0, 0, 0, 0]"
Trafo_105,11.027397260273972,0.025293747,0.1,0.0,"[0, 0, 438, 1314, 2628, 3504, 438, 438, 0, 0, 0, 0]"
Trafo_106,2.021917808219178,7.605587e-36,0.7,0.0,"[438, 1314, 1752, 4380, 876, 0, 0, 0, 0, 0, 0, 0]"
Trafo_107,11.027397260273972,0.02483798,0.2,0.0,"[0, 0, 438, 1314, 2628, 3504, 438, 438, 0, 0, 0, 0]"
Trafo_108,38.04657534246575,3.7926014e-07,0.1,0.0,"[0, 0, 438, 1314, 2628, 3504, 438, 438, 0, 0, 0, 0]"
Trafo_109,13.03013698630137,0.024989557,0.8,0.0,"[438, 1314, 1752, 4380, 876, 0, 0, 0, 0, 0, 0, 0]"
Trafo_110,27.03835616438356,0.0001435181,0.0,0.0,"[0, 0, 438, 1314, 2628, 3504, 438, 438, 0, 0, 0, 0]"
Trafo_111,5.024657534246575,1.8339713e-29,0.1,0.0,"[0, 0, 438, 1314, 2628, 3504, 438, 438, 0, 0, 0, 0]"
Trafo_112,14.03013698630137,0.020702202,0.3,0.0,"[0, 0, 438, 1314, 2628, 3504, 438, 438, 0, 0, 0, 0]"
Trafo_113,5.024657534246575,1.8339713e-29,0.0,0.0,"[0, 0, 438, 1314, 2628, 3504, 438, 438, 0, 0, 0, 0]"
Trafo_114,18.03287671232877,0.020068051,0.0,0.0,"[0, 0, 438, 1314, 2628, 3504, 438, 438, 0, 0, 0, 0]"
Trafo_115,26.03835616438356,0.014102007,0.9,0.0,"[438, 1314, 1752, 4380, 876, 0, 0, 0, 0, 0, 0, 0]"
Trafo_116,33.04383561643836,0.117348656,0.1,0.0,"[0, 0, 438, 1314, 2628, 3504, 438, 438, 0, 0, 0, 0]"
Trafo_117,19.03287671232877,0.018381925,0.4,0.0,"[0, 0, 438, 1314, 2628, 3504, 438, 438, 0, 0, 0, 0]"
Trafo_118,23.035616438356165,0.015645642,0.1,0.0,"[0, 0, 438, 1314, 2628, 3504, 438, 438, 0, 0, 0, 0]"
Trafo_119,11.027397260273972,0.023196595,0.3,0.0,"[438, 1314, 1752, 4380, 876, 0, 0, 0, 0, 0, 0, 0]"
Trafo_120,19.03287671232877,0.0192045,0.2,0.0,"[0, 0, 438, 1314, 2628, 3504, 438, 438, 0, 0, 0, 0]"
Trafo_121,15.03013698630137,0.021561304,0.3,0.0,"[0, 0, 438, 1314, 2628, 3504, 438, 438, 0, 0, 0, 0]"
Trafo_122,7.024657534246575,0.028417083,0.2,0.0,"[0, 0, 438, 1314, 2628, 3504, 438, 438, 0, 0, 0, 0]"
Trafo_123,11.027397260273972,0.02483798,0.2,0.0,"[0, 0, 0, 438, 876, 1752, 2190, 3066, 438, 0, 0, 0]"
Trafo_124,32.04109589041096,0.011411108,0.9,0.0,"[438, 1314, 1752, 4380, 876, 0, 0, 0, 0, 0, 0, 0]"
Trafo_125,19.03287671232877,0.0188466,0.8,0.0,"[0, 0, 438, 1314, 2628, 3504, 438, 438, 0, 0, 0, 0]"
Trafo_126,12.027397260273972,0.026655646,0.1,0.0,"[0, 0, 438, 1314, 2628, 3504, 438, 438, 0, 0, 0, 0]"
Trafo_127,7.024657534246575,0.030417971,0.3,0.0,"[438, 1314, 1752, 4380, 876, 0, 0, 0, 0, 0, 0, 0]"
Trafo_128,11.027397260273972,0.027579105,0.1,0.0,"[438, 1314, 1752, 4380, 876, 0, 0, 0, 0, 0, 0, 0]"
Trafo_129,18.03287671232877,0.018244402,0.8,0.0,"[0, 0, 0, 438, 876, 1752, 2190, 3066, 438, 0, 0, 0]"
Trafo_130,16.03013698630137,0.02155156,0.2,0.0,"[0, 0, 0, 438, 876, 1752, 2190, 3066, 438, 0, 0, 0]"
Trafo_131,19.03287671232877,0.01898445,0.0,0.0,"[0, 0, 438, 1314, 2628, 3504, 438, 438, 0, 0, 0, 0]"
Trafo_132,18.03287671232877,0.02003756,1.0,0.0,"[0, 0, 438, 1314, 2628, 3504, 438, 438, 0, 0, 0, 0]"
Trafo_133,16.03013698630137,0.02083118,0.0,0.0,"[0, 0, 438, 1314, 2628, 3504, 438, 438, 0, 0, 0, 0]"
Trafo_134,13.03013698630137,0.02168701,0.1,0.0,"[0, 0, 438, 1314, 2628, 3504, 438, 438, 0, 0, 0, 0]"
Trafo_135,12.027397260273972,1.4940078e-16,0.1,0.0,"[438, 1314, 1752, 4380, 876, 0, 0, 0, 0, 0, 0, 0]"
Trafo_136,38.04657534246575,0.007887691,0.3,0.0,"[438, 1314, 1752, 4380, 876, 0, 0, 0, 0, 0, 0, 0]"
Trafo_137,2.021917808219178,6.28e-43,0.2,0.0,"[0, 0, 438, 1314, 2628, 3504, 438, 438, 0, 0, 0, 0]"
Trafo_138,18.03287671232877,0.019150654,0.1,0.0,"[438, 1314, 1752, 4380, 876, 0, 0, 0, 0, 0, 0, 0]"
Trafo_139,15.03013698630137,0.02327543,0.3,0.0,"[438, 1314, 1752, 4380, 876, 0, 0, 0, 0, 0, 0, 0]"
Trafo_140,17.03287671232877,0.020481715,0.0,0.0699851581230734,"[0, 0, 0, 0, 262, 438, 876, 1752, 2190, 2628, 438, 175]"
Trafo_141,6.024657534246575,9.406574e-22,0.7,0.0,"[0, 0, 438, 1314, 2628, 3504, 438, 438, 0, 0, 0, 0]"
Trafo_142,14.03013698630137,0.023206826,1.0,0.0,"[0, 0, 438, 1314, 2628, 3504, 438, 438, 0, 0, 0, 0]"
Trafo_143,13.03013698630137,0.023521041,0.3,0.0,"[0, 0, 438, 1314, 2628, 3504, 438, 438, 0, 0, 0, 0]"
Trafo_144,7.024657534246575,0.030846471,0.6,0.0,"[438, 1314, 1752, 4380, 876, 0, 0, 0, 0, 0, 0, 0]"
Trafo_145,6.024657534246575,0.03352804,0.3,0.0699851581230734,"[0, 0, 0, 0, 262, 438, 876, 1752, 2190, 2628, 438, 175]"
Trafo_146,12.027397260273972,0.025578842,0.1,0.0,"[0, 0, 438, 1314, 2628, 3504, 438, 438, 0, 0, 0, 0]"
Trafo_147,19.03287671232877,7.285329e-08,0.9,0.0,"[0, 0, 438, 1314, 2628, 3504, 438, 438, 0, 0, 0, 0]"
Trafo_148,15.03013698630137,4.5825132e-11,0.2,0.0,"[438, 1314, 1752, 4380, 876, 0, 0, 0, 0, 0, 0, 0]"
Trafo_149,36.04383561643836,0.008560394,0.2,0.0,"[0, 0, 438, 1314, 2628, 3504, 438, 438, 0, 0, 0, 0]"
Trafo_150,11.027397260273972,5.972275e-14,0.6,0.0,"[0, 0, 438, 1314, 2628, 3504, 438, 438, 0, 0, 0, 0]"
Trafo_151,25.03835616438356,0.014689268,0.0,0.0,"[0, 0, 438, 1314, 2628, 3504, 438, 438, 0, 0, 0, 0]"
Trafo_152,2.021917808219178,0.041914556,1.0,0.0,"[438, 1314, 1752, 4380, 876, 0, 0, 0, 0, 0, 0, 0]"
Trafo_153,6.024657534246575,0.028217979,0.1,0.0,"[0, 0, 438, 1314, 2628, 3504, 438, 438, 0, 0, 0, 0]"
Trafo_154,34.04383561643836,0.010172557,0.9,0.0,"[0, 0, 438, 1314, 2628, 3504, 438, 438, 0, 0, 0, 0]"
Trafo_155,23.035616438356165,0.000192443,0.2,0.0,"[0, 0, 438, 1314, 2628, 3504, 438, 438, 0, 0, 0, 0]"
Trafo_156,31.041095890410958,0.011498371,0.0,0.0,"[0, 0, 438, 1314, 2628, 3504, 438, 438, 0, 0, 0, 0]"
Trafo_157,11.027397260273972,2.8995357e-15,0.0,0.0,"[438, 1314, 1752, 4380, 876, 0, 0, 0, 0, 0, 0, 0]"
Trafo_158,26.03835616438356,0.014070194,0.6,0.0,"[0, 0, 438, 1314, 2628, 3504, 438, 438, 0, 0, 0, 0]"
Trafo_159,11.027397260273972,0.024204357,0.2,0.0,"[0, 0, 438, 1314, 2628, 3504, 438, 438, 0, 0, 0, 0]"
Trafo_160,7.024657534246575,0.027488787,0.0,0.0,"[0, 0, 438, 1314, 2628, 3504, 438, 438, 0, 0, 0, 0]"
Trafo_161,16.03013698630137,0.020215183,0.8,0.0,"[0, 0, 0, 438, 876, 1752, 2190, 3066, 438, 0, 0, 0]"
Trafo_162,34.04383561643836,0.015361973,0.3,0.0,"[438, 1314, 1752, 4380, 876, 0, 0, 0, 0, 0, 0, 0]"
Trafo_163,15.03013698630137,0.02327543,0.8,0.0,"[438, 1314, 1752, 4380, 876, 0, 0, 0, 0, 0, 0, 0]"
Trafo_164,19.03287671232877,0.019121457,0.7,0.0699851581230734,"[0, 0, 0, 0, 262, 438, 876, 1752, 2190, 2628, 438, 175]"
Trafo_165,1.021917808219178,0.04388766,1.0,0.0,"[438, 1314, 1752, 4380, 876, 0, 0, 0, 0, 0, 0, 0]"
Trafo_166,17.03287671232877,0.021088852,0.2,0.0,"[0, 0, 438, 1314, 2628, 3504, 438, 438, 0, 0, 0, 0]"
Trafo_167,13.03013698630137,0.025260832,1.0,0.0,"[438, 1314, 1752, 4380, 876, 0, 0, 0, 0, 0, 0, 0]"
Trafo_168,15.03013698630137,4.5825132e-11,0.8,0.0,"[0, 0, 0, 438, 876, 1752, 2190, 3066, 438, 0, 0, 0]"
Trafo_169,13.03013698630137,0.023402689,0.2,0.0,"[0, 0, 438, 1314, 2628, 3504, 438, 438, 0, 0, 0, 0]"
Trafo_170,10.027397260273972,1.4907919e-16,0.3,0.0,"[0, 0, 438, 1314, 2628, 3504, 438, 438, 0, 0, 0, 0]"
Trafo_171,36.04383561643836,0.009150988,0.4,0.0,"[0, 0, 438, 1314, 2628, 3504, 438, 438, 0, 0, 0, 0]"
Trafo_172,25.03835616438356,0.014599396,0.5,0.0,"[0, 0, 438, 1314, 2628, 3504, 438, 438, 0, 0, 0, 0]"
Trafo_173,6.024657534246575,0.026654541,0.0,0.0,"[0, 0, 438, 1314, 2628, 3504, 438, 438, 0, 0, 0, 0]"
Trafo_174,17.03287671232877,0.020105392,0.3,0.0,"[0, 0, 438, 1314, 2628, 3504, 438, 438, 0, 0, 0, 0]"
Trafo_175,3.021917808219178,0.038217805,0.0,0.0,"[438, 1314, 1752, 4380, 876, 0, 0, 0, 0, 0, 0, 0]"
Trafo_176,27.03835616438356,0.013582378,0.1,0.0,"[0, 0, 438, 1314, 2628, 3504, 438, 438, 0, 0, 0, 0]"
Trafo_177,14.03013698630137,0.023649529,0.3,0.0,"[0, 0, 438, 1314, 2628, 3504, 438, 438, 0, 0, 0, 0]"
Trafo_178,33.04383561643836,0.010522087,0.1,0.0,"[0, 0, 438, 1314, 2628, 3504, 438, 438, 0, 0, 0, 0]"
Trafo_179,13.03013698630137,0.025348032,0.8,0.0,"[0, 0, 438, 1314, 2628, 3504, 438, 438, 0, 0, 0, 0]"
Trafo_180,12.027397260273972,1.4940078e-16,0.1,0.0,"[0, 0, 438, 1314, 2628, 3504, 438, 438, 0, 0, 0, 0]"
Trafo_181,3.021917808219178,0.03973007,0.1,0.0,"[0, 0, 438, 1314, 2628, 3504, 438, 438, 0, 0, 0, 0]"
Trafo_182,8.024657534246575,0.026101906,0.0,0.0,"[0, 0, 438, 1314, 2628, 3504, 438, 438, 0, 0, 0, 0]"
Trafo_183,19.03287671232877,0.018079437,0.3,0.0,"[0, 0, 438, 1314, 2628, 3504, 438, 438, 0, 0, 0, 0]"
Trafo_184,36.04383561643836,0.008763759,0.4,0.0,"[438, 1314, 1752, 4380, 876, 0, 0, 0, 0, 0, 0, 0]"
Trafo_185,28.03835616438356,0.01310582,0.0,0.0,"[0, 0, 438, 1314, 2628, 3504, 438, 438, 0, 0, 0, 0]"
Trafo_186,19.03287671232877,0.018489351,0.3,0.0,"[0, 0, 438, 1314, 2628, 3504, 438, 438, 0, 0, 0, 0]"
Trafo_187,28.03835616438356,0.06234409,0.8,0.0,"[438, 1314, 1752, 4380, 876, 0, 0, 0, 0, 0, 0, 0]"
Trafo_188,31.041095890410958,0.23116428,0.1,0.0699851581230734,"[0, 0, 0, 0, 262, 438, 876, 1752, 2190, 2628, 438, 175]"
Trafo_189,15.03013698630137,5.931713e-10,0.1,0.0,"[0, 0, 438, 1314, 2628, 3504, 438, 438, 0, 0, 0, 0]"
Trafo_190,22.035616438356165,0.01602467,0.0,0.0,"[438, 1314, 1752, 4380, 876, 0, 0, 0, 0, 0, 0, 0]"
Trafo_191,18.03287671232877,0.018499166,0.3,0.0,"[0, 0, 438, 1314, 2628, 3504, 438, 438, 0, 0, 0, 0]"
Trafo_192,12.027397260273972,7.8803083e-13,0.2,0.0,"[0, 0, 438, 1314, 2628, 3504, 438, 438, 0, 0, 0, 0]"
Trafo_193,22.035616438356165,0.016693385,0.3,0.0,"[438, 1314, 1752, 4380, 876, 0, 0, 0, 0, 0, 0, 0]"
Trafo_194,18.03287671232877,1.4631224e-10,0.3,0.0,"[0, 0, 438, 1314, 2628, 3504, 438, 438, 0, 0, 0, 0]"
Trafo_195,12.027397260273972,0.022269996,0.7,0.0,"[0, 0, 438, 1314, 2628, 3504, 438, 438, 0, 0, 0, 0]"
Trafo_196,19.03287671232877,9.1966007e-10,0.1,0.0,"[0, 0, 438, 1314, 2628, 3504, 438, 438, 0, 0, 0, 0]"
Trafo_197,36.04383561643836,0.009866894,0.6,0.0,"[0, 0, 438, 1314, 2628, 3504, 438, 438, 0, 0, 0, 0]"
Trafo_198,14.03013698630137,0.02240536,0.3,0.0,"[0, 0, 438, 1314, 2628, 3504, 438, 438, 0, 0, 0, 0]"
Trafo_199,5.024657534246575,6.380646e-26,0.3,0.0,"[0, 0, 438, 1314, 2628, 3504, 438, 438, 0, 0, 0, 0]"
Trafo_200,3.021917808219178,0.032926943,0.9,0.0,"[0, 0, 438, 1314, 2628, 3504, 438, 438, 0, 0, 0, 0]"
Trafo_201,16.03013698630137,0.021613942,0.2,0.0,"[0, 0, 438, 1314, 2628, 3504, 438, 438, 0, 0, 0, 0]"
Trafo_202,39.04657534246575,0.007580191,0.0,0.0,"[0, 0, 0, 438, 876, 1752, 2190, 3066, 438, 0, 0, 0]"
Trafo_203,13.03013698630137,2.2849074e-15,0.3,0.0,"[438, 1314, 1752, 4380, 876, 0, 0, 0, 0, 0, 0, 0]"
Trafo_204,29.041095890410958,0.01202226,0.8,0.0,"[0, 0, 438, 1314, 2628, 3504, 438, 438, 0, 0, 0, 0]"
Trafo_205,26.03835616438356,0.014057022,0.5,0.0,"[438, 1314, 1752, 4380, 876, 0, 0, 0, 0, 0, 0, 0]"
Trafo_206,13.03013698630137,0.02560015,0.0,0.0,"[438, 1314, 1752, 4380, 876, 0, 0, 0, 0, 0, 0, 0]"
Trafo_207,12.027397260273972,0.025461989,0.7,0.0,"[0, 0, 438, 1314, 2628, 3504, 438, 438, 0, 0, 0, 0]"
Trafo_208,12.027397260273972,0.022269996,0.2,0.0,"[438, 1314, 1752, 4380, 876, 0, 0, 0, 0, 0, 0, 0]"
Trafo_209,19.03287671232877,0.018808026,0.4,0.0,"[438, 1314, 1752, 4380, 876, 0, 0, 0, 0, 0, 0, 0]"
Trafo_210,11.027397260273972,0.02708511,0.2,0.0,"[0, 0, 438, 1314, 2628, 3504, 438, 438, 0, 0, 0, 0]"
Trafo_211,18.03287671232877,0.02009707,0.1,0.0,"[0, 0, 438, 1314, 2628, 3504, 438, 438, 0, 0, 0, 0]"
Trafo_212,35.04383561643836,0.36800128,0.1,0.0,"[0, 0, 438, 1314, 2628, 3504, 438, 438, 0, 0, 0, 0]"
Trafo_213,19.03287671232877,0.019071208,0.9,0.0,"[0, 0, 438, 1314, 2628, 3504, 438, 438, 0, 0, 0, 0]"
Trafo_214,19.03287671232877,9.1966007e-10,0.2,0.0,"[0, 0, 438, 1314, 2628, 3504, 438, 438, 0, 0, 0, 0]"
Trafo_215,16.03013698630137,0.021213813,0.0,0.0,"[0, 0, 438, 1314, 2628, 3504, 438, 438, 0, 0, 0, 0]"
Trafo_216,18.03287671232877,1.4631224e-10,0.2,0.0,"[0, 0, 438, 1314, 2628, 3504, 438, 438, 0, 0, 0, 0]"
Trafo_217,16.03013698630137,3.423428e-10,0.0,0.0,"[438, 1314, 1752, 4380, 876, 0, 0, 0, 0, 0, 0, 0]"
Trafo_218,12.027397260273972,0.021943495,0.2,0.0,"[0, 0, 0, 438, 876, 1752, 2190, 3066, 438, 0, 0, 0]"
Trafo_219,7.024657534246575,0.029983664,0.0,0.0,"[438, 1314, 1752, 4380, 876, 0, 0, 0, 0, 0, 0, 0]"
Trafo_220,13.03013698630137,2.2849074e-15,0.2,0.0,"[0, 0, 438, 1314, 2628, 3504, 438, 438, 0, 0, 0, 0]"
Trafo_221,13.03013698630137,0.025260832,0.0,0.0,"[0, 0, 438, 1314, 2628, 3504, 438, 438, 0, 0, 0, 0]"
Trafo_222,23.035616438356165,0.015813515,0.0,0.0,"[438, 1314, 1752, 4380, 876, 0, 0, 0, 0, 0, 0, 0]"
Trafo_223,37.04657534246575,0.0081614,0.3,0.0,"[0, 0, 438, 1314, 2628, 3504, 438, 438, 0, 0, 0, 0]"
Trafo_224,2.021917808219178,2.8990595e-38,0.3,0.0,"[0, 0, 438, 1314, 2628, 3504, 438, 438, 0, 0, 0, 0]"
Trafo_225,5.024657534246575,0.028380366,0.2,0.0,"[0, 0, 438, 1314, 2628, 3504, 438, 438, 0, 0, 0, 0]"
Trafo_226,34.04383561643836,0.009793248,0.6,0.0,"[438, 1314, 1752, 4380, 876, 0, 0, 0, 0, 0, 0, 0]"
Trafo_227,13.03013698630137,0.024989557,0.3,0.0,"[0, 0, 438, 1314, 2628, 3504, 438, 438, 0, 0, 0, 0]"
Trafo_228,11.027397260273972,0.02404123,0.1,0.0,"[438, 1314, 1752, 4380, 876, 0, 0, 0, 0, 0, 0, 0]"
Trafo_229,10.027397260273972,0.029533602,0.6,0.0,"[0, 0, 438, 1314, 2628, 3504, 438, 438, 0, 0, 0, 0]"
Trafo_230,19.03287671232877,0.019185869,0.1,0.0,"[0, 0, 438, 1314, 2628, 3504, 438, 438, 0, 0, 0, 0]"
Trafo_231,1.021917808219178,0.040235475,0.2,0.0,"[438, 1314, 1752, 4380, 876, 0, 0, 0, 0, 0, 0, 0]"
Trafo_232,18.03287671232877,1.3307417e-07,0.7,0.0,"[438, 1314, 1752, 4380, 876, 0, 0, 0, 0, 0, 0, 0]"
Trafo_233,10.027397260273972,0.023606684,0.0,0.0,"[0, 0, 438, 1314, 2628, 3504, 438, 438, 0, 0, 0, 0]"
Trafo_234,18.03287671232877,0.019213151,0.1,0.0,"[0, 0, 438, 1314, 2628, 3504, 438, 438, 0, 0, 0, 0]"
Trafo_235,14.03013698630137,7.6651664e-11,0.8,0.0,"[0, 0, 438, 1314, 2628, 3504, 438, 438, 0, 0, 0, 0]"
Trafo_236,19.03287671232877,0.019071208,0.1,0.0,"[0, 0, 438, 1314, 2628, 3504, 438, 438, 0, 0, 0, 0]"
Trafo_237,19.03287671232877,0.017648634,0.2,0.0699851581230734,"[0, 0, 0, 0, 262, 438, 876, 1752, 2190, 2628, 438, 175]"
Trafo_238,12.027397260273972,7.8803083e-13,0.2,0.0,"[0, 0, 438, 1314, 2628, 3504, 438, 438, 0, 0, 0, 0]"
Trafo_239,19.03287671232877,0.017873615,0.0,0.0,"[0, 0, 438, 1314, 2628, 3504, 438, 438, 0, 0, 0, 0]"
Trafo_240,10.027397260273972,3.5412413e-15,0.2,0.0,"[438, 1314, 1752, 4380, 876, 0, 0, 0, 0, 0, 0, 0]"
Trafo_241,17.03287671232877,0.020363431,0.3,0.0,"[0, 0, 438, 1314, 2628, 3504, 438, 438, 0, 0, 0, 0]"
Trafo_242,37.04657534246575,7.845885e-38,0.1,0.0,"[0, 0, 438, 1314, 2628, 3504, 438, 438, 0, 0, 0, 0]"
Trafo_243,18.03287671232877,1.4631224e-10,0.2,0.0,"[438, 1314, 1752, 4380, 876, 0, 0, 0, 0, 0, 0, 0]"
Trafo_244,5.024657534246575,0.030315867,0.8,0.0,"[0, 0, 438, 1314, 2628, 3504, 438, 438, 0, 0, 0, 0]"
Trafo_245,19.03287671232877,0.019121457,0.8,0.0699851581230734,"[0, 0, 0, 0, 262, 438, 876, 1752, 2190, 2628, 438, 175]"
Trafo_246,8.024657534246575,0.0318013,0.2,0.0,"[0, 0, 0, 438, 876, 1752, 2190, 3066, 438, 0, 0, 0]"
Trafo_247,11.027397260273972,0.02733535,0.8,0.0699851581230734,"[0, 0, 0, 0, 262, 438, 876, 1752, 2190, 2628, 438, 175]"
Trafo_248,11.027397260273972,0.02558853,0.0,0.0,"[0, 0, 438, 1314, 2628, 3504, 438, 438, 0, 0, 0, 0]"
Trafo_249,39.04657534246575,0.00874589,0.0,0.0,"[0, 0, 438, 1314, 2628, 3504, 438, 438, 0, 0, 0, 0]"
Trafo_250,2.021917808219178,7.605587e-36,0.3,0.0,"[0, 0, 438, 1314, 2628, 3504, 438, 438, 0, 0, 0, 0]"
Trafo_251,19.03287671232877,6.617793e-07,0.2,0.0,"[438, 1314, 1752, 4380, 876, 0, 0, 0, 0, 0, 0, 0]"
Trafo_252,11.027397260273972,0.024204357,0.3,0.0,"[0, 0, 438, 1314, 2628, 3504, 438, 438, 0, 0, 0, 0]"
Trafo_253,33.04383561643836,0.0110548595,0.2,0.0,"[438, 1314, 1752, 4380, 876, 0, 0, 0, 0, 0, 0, 0]"
Trafo_254,34.04383561643836,0.015361973,0.1,0.0,"[0, 0, 438, 1314, 2628, 3504, 438, 438, 0, 0, 0, 0]"
Trafo_255,1.021917808219178,0.036922306,0.3,0.0,"[0, 0, 438, 1314, 2628, 3504, 438, 438, 0, 0, 0, 0]"
Trafo_256,37.04657534246575,7.845885e-38,0.4,0.0,"[0, 0, 438, 1314, 2628, 3504, 438, 438, 0, 0, 0, 0]"
Trafo_257,16.03013698630137,0.021953652,0.9,0.0,"[438, 1314, 1752, 4380, 876, 0, 0, 0, 0, 0, 0, 0]"
Trafo_258,12.027397260273972,0.023050368,0.3,0.0,"[0, 0, 438, 1314, 2628, 3504, 438, 438, 0, 0, 0, 0]"
Trafo_259,18.03287671232877,0.019822551,0.1,0.0,"[438, 1314, 1752, 4380, 876, 0, 0, 0, 0, 0, 0, 0]"
Trafo_260,13.03013698630137,0.02363753,0.1,0.0,"[0, 0, 438, 1314, 2628, 3504, 438, 438, 0, 0, 0, 0]"
Trafo_261,37.04657534246575,0.008520897,0.1,0.0,"[0, 0, 438, 1314, 2628, 3504, 438, 438, 0, 0, 0, 0]"
Trafo_262,17.03287671232877,0.020930575,0.9,0.0699851581230734,"[0, 0, 0, 0, 262, 438, 876, 1752, 2190, 2628, 438, 175]"
Trafo_263,38.04657534246575,0.009357341,0.3,0.0,"[438, 1314, 1752, 4380, 876, 0, 0, 0, 0, 0, 0, 0]"
Trafo_264,16.03013698630137,0.02083118,0.9,0.0,"[0, 0, 438, 1314, 2628, 3504, 438, 438, 0, 0, 0, 0]"
Trafo_265,16.03013698630137,4.023242e-09,0.7,0.0,"[438, 1314, 1752, 4380, 876, 0, 0, 0, 0, 0, 0, 0]"
Trafo_266,19.03287671232877,0.018883506,0.2,0.0,"[438, 1314, 1752, 4380, 876, 0, 0, 0, 0, 0, 0, 0]"
Trafo_267,13.03013698630137,5.309186e-13,0.2,0.0,"[0, 0, 438, 1314, 2628, 3504, 438, 438, 0, 0, 0, 0]"
Trafo_268,13.03013698630137,2.2849074e-15,0.1,0.0,"[0, 0, 438, 1314, 2628, 3504, 438, 438, 0, 0, 0, 0]"
Trafo_269,11.027397260273972,0.02733535,0.1,0.0,"[438, 1314, 1752, 4380, 876, 0, 0, 0, 0, 0, 0, 0]"
Trafo_270,13.03013698630137,0.021242036,0.8,0.0,"[438, 1314, 1752, 4380, 876, 0, 0, 0, 0, 0, 0, 0]"
Trafo_271,13.03013698630137,2.2849074e-15,0.1,0.0,"[438, 1314, 1752, 4380, 876, 0, 0, 0, 0, 0, 0, 0]"
Trafo_272,4.021917808219178,0.03519093,0.3,0.0699851581230734,"[0, 0, 0, 0, 262, 438, 876, 1752, 2190, 2628, 438, 175]"
Trafo_273,16.03013698630137,0.022102104,0.1,0.0,"[438, 1314, 1752, 4380, 876, 0, 0, 0, 0, 0, 0, 0]"
Trafo_274,17.03287671232877,0.02042345,0.1,0.0,"[0, 0, 438, 1314, 2628, 3504, 438, 438, 0, 0, 0, 0]"
Trafo_275,33.04383561643836,0.010907872,0.9,0.0,"[0, 0, 438, 1314, 2628, 3504, 438, 438, 0, 0, 0, 0]"
Trafo_276,37.04657534246575,0.009520883,0.1,0.0,"[0, 0, 438, 1314, 2628, 3504, 438, 438, 0, 0, 0, 0]"
Trafo_277,18.03287671232877,1.3307417e-07,0.3,0.0,"[0, 0, 438, 1314, 2628, 3504, 438, 438, 0, 0, 0, 0]"
Trafo_278,24.035616438356165,0.015195759,0.0,0.0,"[0, 0, 438, 1314, 2628, 3504, 438, 438, 0, 0, 0, 0]"
Trafo_279,14.03013698630137,0.020564822,0.3,0.0,"[0, 0, 438, 1314, 2628, 3504, 438, 438, 0, 0, 0, 0]"
Trafo_280,7.024657534246575,0.026776433,0.9,0.0,"[0, 0, 438, 1314, 2628, 3504, 438, 438, 0, 0, 0, 0]"
Trafo_281,10.027397260273972,1.4907919e-16,0.6,0.0,"[438, 1314, 1752, 4380, 876, 0, 0, 0, 0, 0, 0, 0]"
Trafo_282,10.027397260273972,0.023989243,0.4,0.0,"[0, 0, 438, 1314, 2628, 3504, 438, 438, 0, 0, 0, 0]"
Trafo_283,15.03013698630137,5.931713e-10,0.0,0.0,"[0, 0, 438, 1314, 2628, 3504, 438, 438, 0, 0, 0, 0]"
Trafo_284,7.024657534246575,0.02864536,0.2,0.0,"[0, 0, 438, 1314, 2628, 3504, 438, 438, 0, 0, 0, 0]"
Trafo_285,19.03287671232877,7.285329e-08,0.2,0.0,"[0, 0, 438, 1314, 2628, 3504, 438, 438, 0, 0, 0, 0]"
Trafo_286,16.03013698630137,0.019920884,0.9,0.0,"[438, 1314, 1752, 4380, 876, 0, 0, 0, 0, 0, 0, 0]"
Trafo_287,18.03287671232877,0.019150654,0.0,0.0,"[0, 0, 438, 1314, 2628, 3504, 438, 438, 0, 0, 0, 0]"
Trafo_288,39.04657534246575,0.0,0.1,0.0,"[0, 0, 438, 1314, 2628, 3504, 438, 438, 0, 0, 0, 0]"
Trafo_289,21.035616438356165,1.6557051e-06,0.0,0.0,"[438, 1314, 1752, 4380, 876, 0, 0, 0, 0, 0, 0, 0]"
Trafo_290,14.03013698630137,0.023564436,0.3,0.0,"[0, 0, 438, 1314, 2628, 3504, 438, 438, 0, 0, 0, 0]"
Trafo_291,17.03287671232877,0.020887174,0.2,0.0,"[0, 0, 438, 1314, 2628, 3504, 438, 438, 0, 0, 0, 0]"
Trafo_292,13.03013698630137,0.024085177,0.3,0.0,"[0, 0, 438, 1314, 2628, 3504, 438, 438, 0, 0, 0, 0]"
Trafo_293,2.021917808219178,2.8990595e-38,0.8,0.0,"[0, 0, 438, 1314, 2628, 3504, 438, 438, 0, 0, 0, 0]"
Trafo_294,13.03013698630137,0.024703456,0.0,0.0,"[0, 0, 438, 1314, 2628, 3504, 438, 438, 0, 0, 0, 0]"
Trafo_295,24.035616438356165,0.015287243,0.1,0.0,"[0, 0, 438, 1314, 2628, 3504, 438, 438, 0, 0, 0, 0]"
Trafo_296,2.021917808219178,2.8990595e-38,0.2,0.0,"[438, 1314, 1752, 4380, 876, 0, 0, 0, 0, 0, 0, 0]"
Trafo_297,33.04383561643836,0.011038053,0.8,0.0,"[0, 0, 438, 1314, 2628, 3504, 438, 438, 0, 0, 0, 0]"
Trafo_298,15.03013698630137,0.023161069,0.1,0.0,"[0, 0, 438, 1314, 2628, 3504, 438, 438, 0, 0, 0, 0]"
Trafo_299,15.03013698630137,4.5825132e-11,0.5,0.0,"[438, 1314, 1752, 4380, 876, 0, 0, 0, 0, 0, 0, 0]"
Trafo_300,19.03287671232877,0.017487621,0.5,0.0,"[438, 1314, 1752, 4380, 876, 0, 0, 0, 0, 0, 0, 0]"
Trafo_301,18.03287671232877,0.019693503,0.1,0.0,"[438, 1314, 1752, 4380, 876, 0, 0, 0, 0, 0, 0, 0]"
Trafo_302,23.035616438356165,0.015407591,0.1,0.0,"[0, 0, 438, 1314, 2628, 3504, 438, 438, 0, 0, 0, 0]"
Trafo_303,4.021917808219178,6.1196274e-29,0.1,0.0,"[0, 0, 0, 438, 876, 1752, 2190, 3066, 438, 0, 0, 0]"
Trafo_304,24.035616438356165,2.603969e-06,0.3,0.0,"[438, 1314, 1752, 4380, 876, 0, 0, 0, 0, 0, 0, 0]"
Trafo_305,14.03013698630137,2.8355348e-14,0.0,0.0,"[438, 1314, 1752, 4380, 876, 0, 0, 0, 0, 0, 0, 0]"
Trafo_306,10.027397260273972,0.02844644,0.4,0.0,"[0, 0, 438, 1314, 2628, 3504, 438, 438, 0, 0, 0, 0]"
Trafo_307,30.041095890410958,0.012226424,0.1,0.0,"[438, 1314, 1752, 4380, 876, 0, 0, 0, 0, 0, 0, 0]"
Trafo_308,12.027397260273972,1.4940078e-16,0.0,0.0,"[438, 1314, 1752, 4380, 876, 0, 0, 0, 0, 0, 0, 0]"
Trafo_309,16.03013698630137,0.021901056,0.3,0.0,"[438, 1314, 1752, 4380, 876, 0, 0, 0, 0, 0, 0, 0]"
Trafo_310,39.04657534246575,0.008573439,0.1,0.0,"[0, 0, 438, 1314, 2628, 3504, 438, 438, 0, 0, 0, 0]"
Trafo_311,14.03013698630137,5.340644e-12,0.3,0.0699851581230734,"[0, 0, 0, 0, 262, 438, 876, 1752, 2190, 2628, 438, 175]"
Trafo_312,10.027397260273972,1.4907919e-16,0.3,0.0699851581230734,"[0, 0, 0, 0, 262, 438, 876, 1752, 2190, 2628, 438, 175]"
Trafo_313,10.027397260273972,0.028303463,0.0,0.0,"[0, 0, 438, 1314, 2628, 3504, 438, 438, 0, 0, 0, 0]"
Trafo_314,14.03013698630137,0.022719774,0.7,0.0,"[0, 0, 438, 1314, 2628, 3504, 438, 438, 0, 0, 0, 0]"
Trafo_315,13.03013698630137,5.309186e-13,0.0,0.0,"[0, 0, 438, 1314, 2628, 3504, 438, 438, 0, 0, 0, 0]"
Trafo_316,5.024657534246575,4.27293e-24,0.1,0.0,"[438, 1314, 1752, 4380, 876, 0, 0, 0, 0, 0, 0, 0]"
Trafo_317,10.027397260273972,3.5412413e-15,0.9,0.0,"[0, 0, 438, 1314, 2628, 3504, 438, 438, 0, 0, 0, 0]"
Trafo_318,33.04383561643836,0.117348656,0.0,0.0,"[438, 1314, 1752, 4380, 876, 0, 0, 0, 0, 0, 0, 0]"
Trafo_319,18.03287671232877,0.0188813,0.2,0.0,"[0, 0, 438, 1314, 2628, 3504, 438, 438, 0, 0, 0, 0]"
Trafo_320,27.03835616438356,0.013511895,0.9,0.0,"[0, 0, 438, 1314, 2628, 3504, 438, 438, 0, 0, 0, 0]"
Trafo_321,23.035616438356165,0.015813515,0.2,0.0,"[0, 0, 438, 1314, 2628, 3504, 438, 438, 0, 0, 0, 0]"
Trafo_322,18.03287671232877,0.019738171,0.3,0.0,"[0, 0, 438, 1314, 2628, 3504, 438, 438, 0, 0, 0, 0]"
Trafo_323,16.03013698630137,4.023242e-09,0.0,0.0,"[438, 1314, 1752, 4380, 876, 0, 0, 0, 0, 0, 0, 0]"
Trafo_324,32.04109589041096,0.36436328,0.3,0.0,"[0, 0, 438, 1314, 2628, 3504, 438, 438, 0, 0, 0, 0]"
Trafo_325,14.03013698630137,7.6651664e-11,0.8,0.0,"[0, 0, 438, 1314, 2628, 3504, 438, 438, 0, 0, 0, 0]"
Trafo_326,10.027397260273972,0.026622167,0.3,0.0,"[0, 0, 438, 1314, 2628, 3504, 438, 438, 0, 0, 0, 0]"
Trafo_327,7.024657534246575,9.026954e-20,0.0,0.0,"[438, 1314, 1752, 4380, 876, 0, 0, 0, 0, 0, 0, 0]"
Trafo_328,30.041095890410958,0.31114504,0.1,0.0,"[0, 0, 438, 1314, 2628, 3504, 438, 438, 0, 0, 0, 0]"
Trafo_329,21.035616438356165,0.017448576,0.5,0.0,"[0, 0, 438, 1314, 2628, 3504, 438, 438, 0, 0, 0, 0]"
Trafo_330,12.027397260273972,0.023781063,0.3,0.0,"[438, 1314, 1752, 4380, 876, 0, 0, 0, 0, 0, 0, 0]"
Trafo_331,14.03013698630137,7.6651664e-11,0.3,0.0,"[0, 0, 438, 1314, 2628, 3504, 438, 438, 0, 0, 0, 0]"
Trafo_332,15.03013698630137,0.020034185,0.8,0.0,"[0, 0, 438, 1314, 2628, 3504, 438, 438, 0, 0, 0, 0]"
Trafo_333,2.021917808219178,0.04224485,0.1,0.0,"[438, 1314, 1752, 4380, 876, 0, 0, 0, 0, 0, 0, 0]"
Trafo_334,19.03287671232877,0.01820638,0.3,0.0,"[0, 0, 438, 1314, 2628, 3504, 438, 438, 0, 0, 0, 0]"
Trafo_335,32.04109589041096,0.011425445,0.1,0.0,"[0, 0, 0, 438, 876, 1752, 2190, 3066, 438, 0, 0, 0]"
Trafo_336,37.04657534246575,0.008669633,0.1,0.0,"[0, 0, 438, 1314, 2628, 3504, 438, 438, 0, 0, 0, 0]"
Trafo_337,8.024657534246575,0.032318186,0.7,0.0,"[0, 0, 438, 1314, 2628, 3504, 438, 438, 0, 0, 0, 0]"
Trafo_338,19.03287671232877,9.1966007e-10,0.1,0.0,"[438, 1314, 1752, 4380, 876, 0, 0, 0, 0, 0, 0, 0]"
Trafo_339,14.03013698630137,0.022512054,0.3,0.0,"[0, 0, 438, 1314, 2628, 3504, 438, 438, 0, 0, 0, 0]"
Trafo_340,22.035616438356165,7.058096e-06,0.1,0.0,"[0, 0, 438, 1314, 2628, 3504, 438, 438, 0, 0, 0, 0]"
Trafo_341,18.03287671232877,0.019213151,0.7,0.0,"[0, 0, 438, 1314, 2628, 3504, 438, 438, 0, 0, 0, 0]"
Trafo_342,6.024657534246575,9.406574e-22,0.2,0.0,"[438, 1314, 1752, 4380, 876, 0, 0, 0, 0, 0, 0, 0]"
Trafo_343,6.024657534246575,0.03420266,0.2,0.0699851581230734,"[0, 0, 0, 0, 262, 438, 876, 1752, 2190, 2628, 438, 175]"
Trafo_344,15.03013698630137,0.021367496,0.2,0.0,"[0, 0, 438, 1314, 2628, 3504, 438, 438, 0, 0, 0, 0]"
Trafo_345,10.027397260273972,0.029002473,0.0,0.0,"[0, 0, 438, 1314, 2628, 3504, 438, 438, 0, 0, 0, 0]"
Trafo_346,11.027397260273972,2.8995357e-15,0.3,0.0,"[0, 0, 438, 1314, 2628, 3504, 438, 438, 0, 0, 0, 0]"
Trafo_347,3.021917808219178,0.032289106,0.0,0.0,"[0, 0, 438, 1314, 2628, 3504, 438, 438, 0, 0, 0, 0]"
Trafo_348,11.027397260273972,0.023540307,0.9,0.0,"[438, 1314, 1752, 4380, 876, 0, 0, 0, 0, 0, 0, 0]"
Trafo_349,11.027397260273972,0.022666108,0.2,0.0,"[438, 1314, 1752, 4380, 876, 0, 0, 0, 0, 0, 0, 0]"
Trafo_350,15.03013698630137,2.9584484e-13,0.2,0.0,"[0, 0, 438, 1314, 2628, 3504, 438, 438, 0, 0, 0, 0]"
Trafo_351,19.03287671232877,6.617793e-07,0.8,0.0,"[0, 0, 438, 1314, 2628, 3504, 438, 438, 0, 0, 0, 0]"
Trafo_352,12.027397260273972,0.025101045,0.8,0.0,"[0, 0, 438, 1314, 2628, 3504, 438, 438, 0, 0, 0, 0]"
Trafo_353,15.03013698630137,0.022493992,0.0,0.0699851581230734,"[0, 0, 0, 0, 262, 438, 876, 1752, 2190, 2628, 438, 175]"
Trafo_354,2.021917808219178,0.03858058,0.2,0.0,"[0, 0, 0, 438, 876, 1752, 2190, 3066, 438, 0, 0, 0]"
Trafo_355,34.04383561643836,1.3492514e-09,0.2,0.0,"[0, 0, 438, 1314, 2628, 3504, 438, 438, 0, 0, 0, 0]"
Trafo_356,15.03013698630137,0.021267662,0.3,0.0,"[0, 0, 438, 1314, 2628, 3504, 438, 438, 0, 0, 0, 0]"
Trafo_357,19.03287671232877,0.018767765,0.2,0.0,"[0, 0, 438, 1314, 2628, 3504, 438, 438, 0, 0, 0, 0]"
Trafo_358,11.027397260273972,0.02769858,0.1,0.0,"[438, 1314, 1752, 4380, 876, 0, 0, 0, 0, 0, 0, 0]"
Trafo_359,18.03287671232877,0.019086244,0.6,0.0,"[0, 0, 0, 438, 876, 1752, 2190, 3066, 438, 0, 0, 0]"
Trafo_360,19.03287671232877,0.018489351,0.3,0.0,"[0, 0, 438, 1314, 2628, 3504, 438, 438, 0, 0, 0, 0]"
Trafo_361,15.03013698630137,0.021267662,0.3,0.0,"[0, 0, 438, 1314, 2628, 3504, 438, 438, 0, 0, 0, 0]"
Trafo_362,18.03287671232877,0.019213151,0.0,0.0,"[0, 0, 438, 1314, 2628, 3504, 438, 438, 0, 0, 0, 0]"
Trafo_363,31.041095890410958,0.01172332,0.3,0.0,"[0, 0, 438, 1314, 2628, 3504, 438, 438, 0, 0, 0, 0]"
Trafo_364,25.03835616438356,0.014673728,0.2,0.0,"[438, 1314, 1752, 4380, 876, 0, 0, 0, 0, 0, 0, 0]"
Trafo_365,16.03013698630137,0.0204011,1.0,0.0,"[438, 1314, 1752, 4380, 876, 0, 0, 0, 0, 0, 0, 0]"
Trafo_366,22.035616438356165,7.058096e-06,0.0,0.0,"[0, 0, 438, 1314, 2628, 3504, 438, 438, 0, 0, 0, 0]"
Trafo_367,17.03287671232877,0.019498458,0.1,0.0,"[0, 0, 438, 1314, 2628, 3504, 438, 438, 0, 0, 0, 0]"
Trafo_368,2.021917808219178,6.28e-43,0.0,0.0,"[438, 1314, 1752, 4380, 876, 0, 0, 0, 0, 0, 0, 0]"
Trafo_369,28.03835616438356,0.012957886,0.5,0.0,"[0, 0, 438, 1314, 2628, 3504, 438, 438, 0, 0, 0, 0]"
Trafo_370,5.024657534246575,0.03166179,0.3,0.0,"[0, 0, 438, 1314, 2628, 3504, 438, 438, 0, 0, 0, 0]"
Trafo_371,14.03013698630137,0.02240536,1.0,0.0,"[438, 1314, 1752, 4380, 876, 0, 0, 0, 0, 0, 0, 0]"
Trafo_372,11.027397260273972,0.028047536,0.4,0.0,"[438, 1314, 1752, 4380, 876, 0, 0, 0, 0, 0, 0, 0]"
Trafo_373,23.035616438356165,0.015709046,0.2,0.0,"[0, 0, 438, 1314, 2628, 3504, 438, 438, 0, 0, 0, 0]"
Trafo_374,10.027397260273972,3.5412413e-15,0.2,0.0,"[0, 0, 438, 1314, 2628, 3504, 438, 438, 0, 0, 0, 0]"
Trafo_375,3.021917808219178,0.04032947,0.0,0.0,"[438, 1314, 1752, 4380, 876, 0, 0, 0, 0, 0, 0, 0]"
Trafo_376,11.027397260273972,0.028047536,0.4,0.0,"[0, 0, 438, 1314, 2628, 3504, 438, 438, 0, 0, 0, 0]"
Trafo_377,6.024657534246575,8.8757005e-27,0.8,0.0,"[438, 1314, 1752, 4380, 876, 0, 0, 0, 0, 0, 0, 0]"
Trafo_378,12.027397260273972,0.024331145,0.1,0.0,"[438, 1314, 1752, 4380, 876, 0, 0, 0, 0, 0, 0, 0]"
Trafo_379,17.03287671232877,0.019326724,0.0,0.0,"[438, 1314, 1752, 4380, 876, 0, 0, 0, 0, 0, 0, 0]"
Trafo_380,12.027397260273972,0.025223104,0.4,0.0,"[0, 0, 438, 1314, 2628, 3504, 438, 438, 0, 0, 0, 0]"
Trafo_381,11.027397260273972,2.8995357e-15,0.2,0.0,"[438, 1314, 1752, 4380, 876, 0, 0, 0, 0, 0, 0, 0]"
Trafo_382,3.021917808219178,0.035133712,0.0,0.0,"[0, 0, 438, 1314, 2628, 3504, 438, 438, 0, 0, 0, 0]"
Trafo_383,14.03013698630137,0.021101326,0.2,0.0,"[438, 1314, 1752, 4380, 876, 0, 0, 0, 0, 0, 0, 0]"
Trafo_384,17.03287671232877,0.021012744,0.3,0.0,"[0, 0, 438, 1314, 2628, 3504, 438, 438, 0, 0, 0, 0]"
Trafo_385,15.03013698630137,0.019909201,0.9,0.0,"[0, 0, 438, 1314, 2628, 3504, 438, 438, 0, 0, 0, 0]"
Trafo_386,17.03287671232877,0.020646194,0.1,0.0,"[438, 1314, 1752, 4380, 876, 0, 0, 0, 0, 0, 0, 0]"
Trafo_387,7.024657534246575,0.029543493,0.7,0.0,"[0, 0, 438, 1314, 2628, 3504, 438, 438, 0, 0, 0, 0]"
Trafo_388,13.03013698630137,5.309186e-13,0.1,0.0,"[0, 0, 438, 1314, 2628, 3504, 438, 438, 0, 0, 0, 0]"
Trafo_389,24.035616438356165,0.0006801878,1.0,0.0,"[438, 1314, 1752, 4380, 876, 0, 0, 0, 0, 0, 0, 0]"
Trafo_390,14.03013698630137,7.6651664e-11,0.0,0.0,"[438, 1314, 1752, 4380, 876, 0, 0, 0, 0, 0, 0, 0]"
