additional_id,Coordinates,x,y
SB65CXNO//D59-80 CT,"X:487925, Y:4457433",40.26727961,-3.142015429
S7LWSE9U//D59-3-5-2-CT,"X:482465, Y:4458632",40.27798516,-3.206263584
S7ML9NUP//D59-3-5-1,"X:482495, Y:4458696",40.27856238,-3.205912446
S84J2977//D53-1,"X:483218, Y:4460696",40.2965958,-3.197460227
S95TCFBF//D37-20,"X:484822, Y:4464017",40.32654627,-3.178666177
S943H17G//D37-19,"X:484743, Y:4464057",40.3269052,-3.179597068
S8K73W3V//D59-31-1-CT,"X:483929, Y:4457229",40.26537448,-3.189007505
S7DAPFTG//189-3,"X:482071, Y:4459758",40.28812127,-3.21092969
S7AKO0K3//189-6,"X:481949, Y:4459883",40.28924481,-3.212368501
S7CN1LDA//189-4,"X:482042, Y:4459791",40.28841796,-3.21127179
S7BSKRFB//189-5,"X:482004, Y:4459829",40.28875949,-3.211719917
S7CKR95N//D59-3-11,"X:482039, Y:4458557",40.27730042,-3.211272472
S9362F3T//D37-18CT,"X:484700, Y:4464143",40.32767921,-3.180105297
S66F4H2C//D18-2,"X:480214, Y:4465060",40.33584638,-3.232940678
S651XKPV//D18-3,"X:480152, Y:4465016",40.33544851,-3.233669231
S84734ES//D59-14,"X:483202, Y:4458448",40.27634257,-3.197589504
S85GGRDN//D59-15,"X:483260, Y:4458397",40.27588426,-3.196905939
S82CXD65//D59-13,"X:483119, Y:4458509",40.27689047,-3.198567408
S8646LTF//D59-16,"X:483290, Y:4458349",40.27545241,-3.196551811
SAAR4EJ8//D59-66,"X:486592, Y:4457557",40.26837647,-3.157695532
SAF2AALR//D59-67,"X:486785, Y:4457564",40.2684426,-3.155425753
SAA3VNV0//D59-65,"X:486561, Y:4457505",40.26790748,-3.158059041
SA9A8AUC//D59-64,"X:486523, Y:4457392",40.26688881,-3.158503589
S85IP4H6//D59-16-1CT,"X:483263, Y:4458336",40.27533475,-3.196869058
S8MGW5D3//D37-13,"X:484034, Y:4464017",40.32653157,-3.187941987
S8N8D6UE//D37-10,"X:484067, Y:4463722",40.32387447,-3.187546178
S8LPH3OJ//D37-14,"X:483999, Y:4464135",40.32759399,-3.188356939
S8OJ9Q29//D37-11,"X:484128, Y:4463788",40.32447025,-3.186829794
S8JQ58J9//D37-7,"X:483909, Y:4463575",40.32254708,-3.189402273
S8N5DET0//D37-12,"X:484063, Y:4463914",40.32560417,-3.18759805
S8LW82QD//D37-9,"X:484009, Y:4463656",40.32327875,-3.188227236
S8KLBHKI//D37-8,"X:483948, Y:4463590",40.32268297,-3.188943595
S8NFTLTD//D37-15,"X:484078, Y:4464243",40.3285685,-3.187429681
S8QN49G7//D37-16,"X:484223, Y:4464283",40.32893162,-3.185723774
S8TWL889//D37-17,"X:484372, Y:4464321",40.32927678,-3.183970714
S8N64U42//D37-14-1CT,"X:484064, Y:4464161",40.32782947,-3.187592439
S5PE16WJ//D2,"X:479531, Y:4467762",40.36017271,-3.241068227
S5OWAURA//D2X2,"X:479510, Y:4467687",40.35949651,-3.241313138
S5OVJFN8//D3,"X:479509, Y:4467609",40.35879377,-3.241322409
S7CT14OH//D59-3-10-1-CT,"X:482051, Y:4458536",40.27711148,-3.21113073
SAHBCV02//D59-68,"X:486888, Y:4457582",40.26860639,-3.15421471
SAHF4495//D59-68-1-CT,"X:486894, Y:4457590",40.26867856,-3.154144306
S7CWQBXF//D59-3-10,"X:482056, Y:4458540",40.27714762,-3.211072029
S7K3X81U//D59-3-6,"X:482380, Y:4458776",40.27928071,-3.207267391
S7FUA7XL//D59-3-8,"X:482188, Y:4458659",40.27822255,-3.209522656
S7I8CKKC//D59-3-7,"X:482295, Y:4458724",40.27881043,-3.208265819
S7DXW5GE//D59-3-9,"X:482102, Y:4458610",40.27777926,-3.210532898
S7N5XQHB//D59-3-2,"X:482519, Y:4459053",40.28177921,-3.205639879
S7M72A6O//D59-3-3,"X:482475, Y:4459020",40.28148098,-3.206156572
S9GNI37M//D59-49,"X:485315, Y:4457487",40.26772437,-3.172713048
S9G9AN83//D59-48,"X:485295, Y:4457487",40.26772402,-3.172948271
S68C80M4//D18-1,"X:480302, Y:4465136",40.33653316,-3.231907006
S8DICRSO//D59-22,"X:483626, Y:4457755",40.27010752,-3.192584442
S89ANS5P//D59-19,"X:483434, Y:4458090",40.27312186,-3.194851319
S885QRIM//D59-18,"X:483383, Y:4458182",40.27394971,-3.19545357
S873TJ4G//D59-17,"X:483335, Y:4458268",40.27472355,-3.196020393
S8EUQ8WK//D59-26,"X:483688, Y:4457636",40.26903662,-3.191852198
S8B71UGX//D59-20,"X:483521, Y:4457936",40.27173614,-3.193824059
S8C3P1J7//D59-21,"X:483561, Y:4457865",40.27109727,-3.193351764
S68WEX0Q//D18-1-1CT,"X:480329, Y:4465101",40.33621848,-3.231588056
S5P2246G//D1,"X:479515, Y:4467835",40.36082999,-3.241259005
S85UOAUI//D42-1,"X:483280, Y:4462453",40.31242634,-3.196776653
S85AHD29//D37-1-3CT,"X:483252, Y:4463112",40.31836288,-3.197123446
S7PI254F//D59-3-1,"X:482627, Y:4459131",40.28248418,-3.204371532
S783DILX//189-6-1-CT,"X:481835, Y:4459851",40.28895404,-3.213708784
S7S2TH5D//D59-4,"X:482743, Y:4459138",40.28254965,-3.203007134
S7T5I6LW//D59-5,"X:482791, Y:4459073",40.28196503,-3.20244073
S7WF15FQ//D59-5-3,"X:482940, Y:4459172",40.28286001,-3.200690593
S7XG6WWF//D59-5-4-CT,"X:482987, Y:4459230",40.28338351,-3.200139239
S7VJ3FC1//D59-5-2,"X:482901, Y:4459133",40.28250785,-3.201148338
S7UGEPQA//D59-5-1,"X:482852, Y:4459089",40.28211044,-3.20172358
S86S4VRT//D37-1-X-1,"X:483321, Y:4463310",40.32014809,-3.196316489
S8I411LT//D37-6,"X:483834, Y:4463539",40.3222213,-3.19028416
S84NIXPC//D37-1,"X:483224, Y:4463265",40.31974073,-3.197457019
S8GBE6DU//D37-5,"X:483753, Y:4463503",40.3218954,-3.191236662
S8B6AK5T//D37-3,"X:483519, Y:4463398",40.32094484,-3.193988256
S8D5METU//D37-4,"X:483609, Y:4463439",40.32131599,-3.192929975
S89RV4VL//D37-2,"X:483457, Y:4463370",40.32069135,-3.194717293
S8Q7DWB0//D40-6,"X:484202, Y:4463053",40.31784985,-3.185940574
S8J1FLEQ//D40-4,"X:483876, Y:4463090",40.31817696,-3.189778469
S8N1M6RQ//D40-5,"X:484059, Y:4463016",40.31751379,-3.187622736
S8EPIACX//D40-3,"X:483681, Y:4463169",40.3188849,-3.192075611
S8TKM4BV//D40-7,"X:484357, Y:4463093",40.31821314,-3.184117231
S8005LC0//D54,"X:483011, Y:4460563",40.29539339,-3.199892284
S83RL7FF//D53,"X:483184, Y:4460704",40.29666719,-3.197860485
S7TF8XFQ//D55,"X:482804, Y:4460395",40.29387559,-3.202323314
S7NHWU4V//D58,"X:482535, Y:4459982",40.29014918,-3.205477004
S7K8FV77//D59,"X:482386, Y:4459752",40.28807391,-3.20722366
S7RO508P//D56,"X:482725, Y:4460272",40.29276582,-3.20324948
S7OJ4NLW//D57,"X:482582, Y:4460053",40.29078982,-3.204925981
S8BMQAWE//D40-2,"X:483541, Y:4462982",40.31719742,-3.193718596
S8065866//D36,"X:483019, Y:4463353",40.3205294,-3.199872236
S7URMHAB//D35,"X:482866, Y:4463426",40.32118395,-3.201675045
S7EULF2I//D31,"X:482143, Y:4463769",40.32425897,-3.210194618
S7KO6AMP//D32,"X:482407, Y:4463644",40.32313842,-3.207083654
S841T57R//D37,"X:483196, Y:4463252",40.31962305,-3.197786241
S7R0WCF7//D34,"X:482694, Y:4463508",40.32191917,-3.203701772
S7NGG35B//D33,"X:482533, Y:4463584",40.32260051,-3.205598902
S6WGD6QK//D26,"X:481397, Y:4464263",40.32869324,-3.218990101
S6TMKI7P//D25,"X:481269, Y:4464366",40.32961833,-3.220499896
S77KVV12//D29,"X:481812, Y:4463927",40.32567529,-3.214095288
S7ATNEM5//D30,"X:481960, Y:4463856",40.32503884,-3.212351152
S70SFJ8S//D27,"X:481504, Y:4464175",40.32790281,-3.217727984
S74SM4JO//D28,"X:481686, Y:4464029",40.32659147,-3.215581378
S6DKBCST//D20,"X:480539, Y:4464956",40.33491707,-3.229111312
S6MND6XT//D23,"X:480952, Y:4464622",40.33191752,-3.224239203
S6POMA23//D24,"X:481090, Y:4464510",40.33091162,-3.222611318
S6GW2MLG//D21,"X:480691, Y:4464833",40.33381246,-3.227318134
S6JOCF2T//D22,"X:480817, Y:4464732",40.33290544,-3.225831758
S68L7B9D//D18,"X:480313, Y:4465138",40.33655144,-3.231777564
S6B014RF//D19,"X:480421, Y:4465052",40.33577919,-3.23050344
SB4W7LQT//D59-79-1 CT,"X:487870, Y:4457372",40.26672924,-3.142661133
S7AAX8X3//189-7,"X:481936, Y:4459948",40.28983013,-3.212523278
S84NIXJ3//D38,"X:483224, Y:4463052",40.31782176,-3.197451428
S8530W8B//D40,"X:483243, Y:4462763",40.31521847,-3.197220227
S84WIA2F//D39,"X:483236, Y:4462922",40.3166508,-3.197306781
S865NLKC//D41,"X:483291, Y:4462543",40.3132374,-3.196649548
S86G5S8R//D42,"X:483305, Y:4462466",40.31254396,-3.196482771
S86JV1D6//D43,"X:483310, Y:4462315",40.31118366,-3.196419985
S856Q41I//D51,"X:483247, Y:4461075",40.3000109,-3.197128932
S84736GE//D52,"X:483202, Y:4460813",40.29764957,-3.197651556
S86WLITM//D46,"X:483327, Y:4461855",40.30703974,-3.196207925
S86ODNJ7//D44,"X:483316, Y:4462160",40.30978735,-3.196345329
S872CQ0G//D47,"X:483332, Y:4461719",40.30581458,-3.196145541
S8763X5V//D48,"X:483337, Y:4461604",40.30477861,-3.196083707
S86FECA3//D49,"X:483304, Y:4461414",40.30306619,-3.196467077
S85JGM0G//D50,"X:483264, Y:4461175",40.30091217,-3.196931514
S86UD7R5//D45,"X:483324, Y:4461950",40.30789556,-3.196245706
S88WOSRW//D44-2-CT,"X:483418, Y:4462117",40.30940198,-3.195143836
S62DF24C//D15,"X:480030, Y:4465763",40.34217547,-3.235128879
S61G0G0W//D14,"X:479988, Y:4465855",40.34300331,-3.235626272
S5S3B69E//D10,"X:479653, Y:4466591",40.34962596,-3.239594073
S5QI6POO//D9,"X:479582, Y:4466747",40.35102966,-3.240435111
S5OHC14B//D8,"X:479490, Y:4466950",40.35285626,-3.241524985
S5OKBRG7//D7,"X:479494, Y:4467114",40.35433387,-3.241483152
S5ONBJQT//D6,"X:479498, Y:4467236",40.35543308,-3.241439968
S5OQBC3W//D5,"X:479502, Y:4467373",40.35666744,-3.241397264
S5OSJNC8//D4,"X:479505, Y:4467475",40.35758645,-3.241365212
S5VC2NN1//D12,"X:479801, Y:4466266",40.34670158,-3.237841043
S5TGG2EI//D11,"X:479716, Y:4466453",40.34838423,-3.238847843
S5WXFFCR//D13,"X:479875, Y:4466102",40.34522586,-3.236964538
S7XMVW0M//D59-9,"X:482996, Y:4458765",40.27919436,-3.200021017
S7WIQCFE//D59-8,"X:482945, Y:4458859",40.2800402,-3.200623439
S7UK5WW1//D59-6,"X:482857, Y:4458984",40.28116456,-3.201661951
S7VJ3F5T//D59-7,"X:482900, Y:4458922",40.28060686,-3.201154467
S814B5B6//D59-11,"X:483062, Y:4458631",40.27798845,-3.199241109
S81W0I6H//D59-12,"X:483100, Y:4458565",40.27739461,-3.198792377
S806545G//D59-10,"X:483020, Y:4458706",40.2786633,-3.199737139
S81H1N5Q//D59-12-1-CT,"X:483079, Y:4458583",40.27755635,-3.199039871
S69FM59I//D17,"X:480351, Y:4465175",40.33688568,-3.231331327
S644J141//D16,"X:480109, Y:4465636",40.34103319,-3.234194776
S5PFI312//D2X1,"X:479533, Y:4467727",40.35985744,-3.24104355
S84S1M0G//D37-1-1,"X:483230, Y:4463216",40.3192994,-3.197385112
S88D9C3N//D40-1,"X:483392, Y:4462852",40.31602327,-3.195468904
S9WS1K4W//D59-57,"X:486047, Y:4457344",40.26644856,-3.164100779
SA5L9D5K//D59-61,"X:486356, Y:4457322",40.26625545,-3.160466186
SA715OGG//D59-62,"X:486420, Y:4457319",40.26622947,-3.159713425
SA3FW02P//D59-60,"X:486258, Y:4457325",40.26628088,-3.161618817
SA046O6W//D59-58,"X:486106, Y:4457339",40.2664045,-3.163406777
SA20IQMI//D59-59,"X:486192, Y:4457333",40.26635186,-3.162395209
SA8L1K81//D59-63,"X:486493, Y:4457337",40.26639282,-3.15885526
S9R185I1//D59-54,"X:485784, Y:4457385",40.26681352,-3.167194811
S9SL4188//D59-55,"X:485856, Y:4457356",40.26655347,-3.16634738
S9VK4R87//D59-56,"X:485992, Y:4457346",40.26646566,-3.164747674
S9IG4WEF//D59-50,"X:485395, Y:4457482",40.26768072,-3.171772043
S9K78VHR//D59-51,"X:485475, Y:4457480",40.2676641,-3.170831107
S9ODF1BO//D59-53,"X:485664, Y:4457434",40.26725293,-3.168607225
S9M5TB4P//D59-52,"X:485563, Y:4457477",40.26763859,-3.169796061
SATW5JKO//D59-74,"X:487462, Y:4457428",40.26722775,-3.147460709
SAQ6WASR//D59-72,"X:487292, Y:4457499",40.26786485,-3.149461498
SAS99VNN//D59-73,"X:487385, Y:4457465",40.26755994,-3.148367039
SAM60AF0//D59-70,"X:487109, Y:4457606",40.26882605,-3.151615945
SAOEBFMR//D59-71,"X:487210, Y:4457531",40.2681519,-3.150426553
SB32L0DN//D59-78,"X:487786, Y:4457401",40.26698929,-3.143649608
SB51WT27//D59-79,"X:487876, Y:4457391",40.26690051,-3.142590927
SB15HGUF//D59-77,"X:487698, Y:4457410",40.26706909,-3.144684752
S9JAJQF3//D59-48-3,"X:485433, Y:4457537",40.2681769,-3.171326371
S9L5EWSE//D59-48-4,"X:485518, Y:4457573",40.26850271,-3.170327481
S9MNRWGQ//D59-48-5,"X:485587, Y:4457601",40.26875617,-3.169516582
S9HK78CL//D59-48-2,"X:485356, Y:4457508",40.26791428,-3.172231321
S9SVK89X//D59-48-10,"X:485870, Y:4457730",40.2699232,-3.166190974
S9OEVVL6//D59-48-6,"X:485667, Y:4457636",40.26907287,-3.16857646
S9PP31O3//D59-48-7,"X:485726, Y:4457663",40.26931713,-3.16788314
S9QN92WJ//D59-48-8,"X:485769, Y:4457683",40.26949805,-3.167377843
S9R5OS3P//D59-48-9,"X:485790, Y:4457694",40.26959751,-3.167131097
S9WVQRRJ//D59-48-12,"X:486053, Y:4457812",40.27066504,-3.1640404
S9UVNI1O//D59-48-11,"X:485962, Y:4457770",40.27028512,-3.16510979
SA4W2N0P//D59-48-15,"X:486326, Y:4457861",40.271111,-3.160830514
SAA3VNQU//D59-63-1-CT,"X:486560, Y:4457366",40.26665517,-3.158067887
SAJTES0E//D59-69,"X:487004, Y:4457629",40.26903164,-3.152851353
S75OJP8F//189-9,"X:481726, Y:4460091",40.2911139,-3.214997998
S73NP0J2//189-10,"X:481634, Y:4460192",40.29202182,-3.216083291
S78157MX//189-8,"X:481831, Y:4460064",40.29087293,-3.213761889
S71G5AC8//189-11,"X:481534, Y:4460240",40.29245206,-3.217261207
S71467HF//189-12,"X:481518, Y:4460221",40.29228053,-3.217448905
S7OPTMG9//D59-1,"X:482592, Y:4459320",40.28418621,-3.204788398
S7Q6HER3//D59-2,"X:482656, Y:4459257",40.28361996,-3.204033798
S7R36JTR//D59-3,"X:482698, Y:4459200",40.2831073,-3.203538175
S7MBIWHE//D59-3-3-1-CT,"X:482482, Y:4459023",40.28150815,-3.20607431
S7NTVW28//D59-3-4,"X:482551, Y:4458931",40.28068074,-3.205260121
S7MARHA0//D59-3-5,"X:482481, Y:4458831",40.27977834,-3.206080821
S8FV6L93//D59-27,"X:483734, Y:4457545",40.26821766,-3.191308866
S8HV9UT5//D59-29,"X:483826, Y:4457390",40.266823,-3.190222922
S8GX3TNL//D59-28,"X:483783, Y:4457470",40.26754292,-3.190730668
S8JQUI4S//D59-31,"X:483910, Y:4457244",40.26550926,-3.189231335
S8IUWS47//D59-30,"X:483870, Y:4457310",40.2661031,-3.189703426
S9B6FE4T//D59-45,"X:485064, Y:4457365",40.26662079,-3.17566225
S98JDOV2//D59-44,"X:484945, Y:4457303",40.26606007,-3.177060346
S9EKF18O//D59-47,"X:485220, Y:4457444",40.26733529,-3.173829365
S9C9TIPU//D59-46,"X:485115, Y:4457392",40.26686495,-3.175063069
S935AS15//D59-41,"X:484700, Y:4457174",40.26489342,-3.179938674
S96NR3FP//D59-43,"X:484861, Y:4457258",40.26565314,-3.178047194
S94UER5Q//D59-42,"X:484778, Y:4457216",40.26527324,-3.179022341
S8NECJMT//D59-33,"X:484076, Y:4457205",40.26516107,-3.187278083
S8LO01LP//D59-32,"X:483997, Y:4457223",40.26532173,-3.188207626
S8W1O3VO//D59-38,"X:484468, Y:4457105",40.2642675,-3.18266547
S8XKSIKL//D59-39,"X:484539, Y:4457093",40.26416071,-3.181830183
S91H6L3M//D59-40,"X:484625, Y:4457136",40.26454969,-3.18081981
S8UU1M6K//D59-37,"X:484415, Y:4457120",40.26440166,-3.183289143
S8PCWX9A//D59-34,"X:484164, Y:4457183",40.26496453,-3.186242599
S8RSQJ24//D59-35,"X:484276, Y:4457156",40.26472339,-3.184924743
S8SNWS2N//D59-36,"X:484315, Y:4457146",40.26463403,-3.184465835
S8E32U09//D59-26-1-CT,"X:483651, Y:4457600",40.26871156,-3.192286449
S87L2SME//D44-1,"X:483357, Y:4462121",40.3094368,-3.195861809
S859PVF1//D42-2-CT,"X:483252, Y:4462451",40.31240776,-3.197106129
S7ALFFNX//189-7-1,"X:481950, Y:4459955",40.2898935,-3.212358766
S8L1IVBG//D37-6-4-CT,"X:483968, Y:4463298",40.32005266,-3.188700857
S8JGEGPR//D37-6-2,"X:483897, Y:4463420",40.32115042,-3.189539615
S8KEKHV7//D37-6-3,"X:483940, Y:4463337",40.32040348,-3.189031403
S8IVOEH2//D37-6-1,"X:483872, Y:4463467",40.32157337,-3.189835061
S853QBGQ//D53-2,"X:483244, Y:4460678",40.29643416,-3.197153836
S860FGKE//D53-3,"X:483285, Y:4460653",40.29620975,-3.196670773
S86A6896//D53-4,"X:483298, Y:4460647",40.29615595,-3.196517658
S7058P58//189-13,"X:481474, Y:4460133",40.29148674,-3.217964034
S6XPQQ6E//189-14,"X:481455, Y:4460097",40.29116198,-3.21818653
S6X7S4UK//189-15-CT,"X:481431, Y:4460048",40.29072,-3.218467472
S9H009WP//D59-48-1,"X:485329, Y:4457500",40.26784174,-3.17254869
SA0WLIL2//D59-48-13,"X:486145, Y:4457851",40.27101793,-3.162959171
SA2M8LLM//D59-48-14,"X:486222, Y:4457875",40.27123543,-3.162054035
S62H68M6//D18-5CT,"X:480035, Y:4464913",40.33451777,-3.235043434
S63NK5H8//D18-4,"X:480090, Y:4464973",40.33505963,-3.234397807
TAWHA09W//D59-75,"X:487533, Y:4457425",40.26720178,-3.146625615
SAXCULNU//D59-76,"X:487618, Y:4457423",40.26718503,-3.145625886
SAX2EF03//D59-76-1 CT,"X:487603, Y:4457454",40.2674641,-3.145802901
RS29E92M//47,"X:461488, Y:4436158",40.07480841,-3.451665557
RS40I8FR//45,"X:461566, Y:4436489",40.07779409,-3.450770469
RRAVC7SP//59-3-B1,"X:460336, Y:4434493",40.0597543,-3.465073679
RS1HX76K//48,"X:461453, Y:4436019",40.0735545,-3.452067742
RQ351XNN//74-3-1-CT,"X:458437, Y:4434913",40.06344672,-3.487366307
RR6GW843//59-7-1-CT,"X:460135, Y:4434155",40.05669963,-3.467409591
RT82CO7C//D34-3,"X:463295, Y:4437657",40.08839422,-3.430558851
RQL85UHJ//68-3,"X:459259, Y:4435092",40.06509955,-3.477739148
RTIES7OX//D31-1-CT,"X:463766, Y:4437741",40.08917141,-3.425038755
RQMA3527//68-4,"X:459307, Y:4435159",40.06570549,-3.477180518
RQK7030R//68-2,"X:459213, Y:4435031",40.06454775,-3.478274694
RT8L2QFF//D34-2,"X:463321, Y:4437588",40.0877737,-3.430249959
RQJ7B5LL//68-1,"X:459167, Y:4434970",40.06399595,-3.478810232
RQN6QA89//68-5,"X:459348, Y:4435217",40.06623002,-3.476703395
RQ2O34P5//74-2-1-CT,"X:458417, Y:4435006",40.06428361,-3.487606792
RQHUEI6N//74-37-CT,"X:459108, Y:4432282",40.0397758,-3.479332368
RS30TAWM//46,"X:461521, Y:4436294",40.0760352,-3.451286635
SR2JKGWT/80,"X:458412, Y:4435594",40.06958087,-3.487703198
RQ52UWT5//80-1-CT,"X:458527, Y:4435595",40.06959555,-3.486354701
RQ4AOEG4//74-15,"X:458491, Y:4433788",40.05331382,-3.486661017
SR31ARAI//74-5,"X:458431, Y:4434768",40.06214006,-3.487427351
RRAB59FH//59-3-A1,"X:460309, Y:4434507",40.05987916,-3.465391112
SWXTHR2V,"X:467512, Y:4440081",40.11040642,-3.381215342
RQ2U2NH2//78,"X:458426, Y:4435408",40.06790582,-3.487527078
RQ4087VA//74-13,"X:458477, Y:4433987",40.055106,-3.486837907
RQ44OTL4//74-20,"X:458483, Y:4433282",40.04875467,-3.48672238
RQX20JL3//59-19-CT,"X:459796, Y:4433048",40.04671011,-3.471315473
RQ3E19WA//74-8,"X:458450, Y:4434485",40.05959135,-3.48718641
RQ44OU50//74-14,"X:458482, Y:4433889",40.05422333,-3.486773005
RQ38R6MC//74-7,"X:458443, Y:4434568",40.06033878,-3.487273811
RQXM7I3A//59-18,"X:459824, Y:4433136",40.04750427,-3.470992693
RQ3227SQ//77,"X:458434, Y:4435326",40.06716744,-3.487428002
RQ6R9HBI//86-1-CT,"X:458604, Y:4436100",40.07414906,-3.485484054
RQ2O32O0//74-26,"X:458418, Y:4432655",40.04310257,-3.487444143
RQ3K0TFG//82,"X:458458, Y:4435746",40.07095256,-3.48717353
RR0XTIF1//59-16,"X:459884, Y:4433342",40.04936307,-3.470302076
RQ35REIC//74-6,"X:458438, Y:4434671",40.0612665,-3.487339047
RQ2HC35J//74-27,"X:458409, Y:4432568",40.04231831,-3.487544058
RQ4C7A7X//74-19,"X:458493, Y:4433390",40.04972818,-3.486612068
RQ4RVMH0//84,"X:458514, Y:4435905",40.07238781,-3.486527019
RQ9PISCN//89,"X:458732, Y:4436193",40.07499322,-3.483988877
RQ2O35AP//81,"X:458418, Y:4435672",40.0702839,-3.487637849
RQ3HQH2A//74-10,"X:458455, Y:4434321",40.05811405,-3.487117264
RQ3D9RJP//74-23,"X:458449, Y:4432962",40.04586999,-3.487100442
RQ3OHGEU//74-11,"X:458464, Y:4434210",40.05711446,-3.487004623
RQB7NGUI//91,"X:458805, Y:4436246",40.07547429,-3.48313614
RQ4KF5UF//74-18,"X:458504, Y:4433495",40.05067471,-3.486489838
RQ6M1DXH//86,"X:458597, Y:4436110",40.07423881,-3.485566786
RQ3TPJNW//74-12,"X:458470, Y:4434097",40.05609669,-3.48692703
RQ2WAWCD//74-25,"X:458429, Y:4432756",40.04401307,-3.487321679
RQAKP3CS//90,"X:458773, Y:4436171",40.07479702,-3.483506646
RQ2NBO45//79,"X:458417, Y:4435508",40.06880631,-3.487639039
RQ2VJJ4Q//74-4,"X:458427, Y:4434869",40.06304981,-3.487480737
RQ3M949X//74-22,"X:458460, Y:4433066",40.04680751,-3.486978162
RR1K2GVE//59-15,"X:459912, Y:4433435",40.05020228,-3.469979581
RQ3TPIUD//74-21,"X:458470, Y:4433160",40.04765489,-3.486866959
RR0BE8R1//59-17,"X:459854, Y:4433239",40.04843367,-3.470647389
RQ2TB80M//74-3,"X:458424, Y:4434910",40.06341905,-3.487518547
RQ2WB0PA//79-1-CT,"X:458428, Y:4435508",40.06880685,-3.487510048
RQ36ITU7//74-2,"X:458440, Y:4435015",40.06436582,-3.487337678
RQ36IS0S//74-24,"X:458439, Y:4432859",40.04494153,-3.487211062
RQ4HFDQA//74-17,"X:458499, Y:4433593",40.05155738,-3.486554733
RQ3IHW6E//74-9,"X:458456, Y:4434402",40.05884386,-3.487110735
RQ7JG075//87,"X:458639, Y:4436163",40.07471837,-3.485077622
RQ4CWPID//74-16,"X:458494, Y:4433685",40.052386,-3.486619245
RQBDN1ED//92-CT,"X:458813, Y:4436326",40.07619543,-3.483047412
RQ2RSBDX//74-10-1-CT,"X:458422, Y:4434326",40.05815747,-3.487504498
RQKTFCF1//67,"X:459242, Y:4434870",40.06309864,-3.477924511
RR5H9AOR//59-8,"X:460090, Y:4434091",40.0561209,-3.467933247
RQAA8TM4//71,"X:458763, Y:4435012",40.06435467,-3.483550077
RVWXPSPU//D6-1-CT,"X:467518, Y:4439287",40.10325316,-3.381105016
RRDA61MW//58,"X:460444, Y:4434752",40.06209281,-3.463823205
RR4MSGN9//59-9,"X:460051, Y:4434007",40.05536226,-3.468385315
RQ5BU910//73,"X:458538, Y:4435078",40.06493824,-3.486192592
RRRUAJIN//53,"X:461107, Y:4435287",40.06694371,-3.456081417
RR3NV07V//59-11,"X:460008, Y:4433812",40.05360339,-3.468877416
RRQJE09U//54,"X:461047, Y:4435120",40.06543637,-3.456774941
RQ351XTF//74,"X:458438, Y:4435108",40.0652036,-3.4873671
RRVUH5EV//50,"X:461288, Y:4435799",40.07156487,-3.453989595
RS53WD64//44,"X:461616, Y:4436627",40.07903967,-3.450192252
RR4ATDQC//59-10,"X:460035, Y:4433915",40.05453264,-3.468567226
RR09VDW6//62,"X:459852, Y:4434690",40.06150623,-3.470760776
RRULSVBA//51,"X:461231, Y:4435628",40.07002164,-3.454647791
RR9U6EJ3//59-1,"X:460289, Y:4434673",40.06137378,-3.465635792
RRBTI956//59-2,"X:460379, Y:4434580",40.06054014,-3.464574829
RRKD4KI7//56,"X:460765, Y:4434923",40.06364843,-3.460069721
RQFGTBSJ//69,"X:458998, Y:4434942",40.06373548,-3.480790097
RRAPCNEN//59-3,"X:460327, Y:4434494",40.05976288,-3.465179265
RRH7CSX5//57,"X:460622, Y:4434823",40.06274082,-3.461740406
RQ38R73O//74-1,"X:458442, Y:4435089",40.06503262,-3.487318977
RQI6UR6H//68,"X:459122, Y:4434904",40.06339915,-3.47933372
RRTA6V0M//52,"X:461170, Y:4435458",40.06848723,-3.455352924
RR6FFC1D//59-7,"X:460133, Y:4434182",40.05694279,-3.467434702
RQ7SF9TF//72,"X:458650, Y:4435045",40.06464644,-3.484877192
RQ3E1AI0//75,"X:458449, Y:4435155",40.06562758,-3.487241133
RQN6Q9V3//66,"X:459349, Y:4434836",40.06279749,-3.476667745
RR8NQHGC//59-5,"X:460235, Y:4434352",40.05847921,-3.466249243
RQQ6IGW0//65,"X:459485, Y:4434799",40.06247069,-3.475070766
RQ5HTS99//85,"X:458545, Y:4436035",40.07356055,-3.486171806
RQ38R785//76,"X:458443, Y:4435241",40.06640209,-3.487317009
RR7L3RTG//59-6,"X:460186, Y:4434269",40.05772912,-3.466818653
RR2KGTFU//59-13,"X:459958, Y:4433615",40.05182616,-3.469451434
RRNHDFXP//55,"X:460908, Y:4435023",40.06455602,-3.458398992
RR30OABW//61,"X:459976, Y:4434653",40.06117878,-3.469304556
RQ8EM99R//88,"X:458677, Y:4436225",40.07527882,-3.484635936
RQSVBDBP//64,"X:459608, Y:4434762",40.06214325,-3.473626231
RQCQ2FER//70,"X:458875, Y:4434978",40.06405382,-3.482234636
RR9L73WC//59,"X:460276, Y:4434687",40.0614993,-3.465789079
RQVKLDLX//63,"X:459731, Y:4434726",40.0618248,-3.472181771
RQ4CWRDB//83,"X:458493, Y:4435825",40.07166603,-3.486768157
RR356VST//59-12,"X:459982, Y:4433712",40.05270121,-3.46917606
RR5OPPNV//60,"X:460099, Y:4434616",40.06085127,-3.467860076
RR9JO7KN//59-4,"X:460275, Y:4434410",40.05900364,-3.465783811
RQMVQX85//66-1-CT,"X:459336, Y:4434776",40.0622563,-3.476816408
RQFQK18D//74-35,"X:459011, Y:4432320",40.04011345,-3.480471759
RPUDB12T//74-22-4,"X:458130, Y:4432972",40.0459443,-3.490840582
RQBQDFTA//74-33,"X:458829, Y:4432391",40.04074425,-3.482609596
RQHIFFCM//74-36,"X:459092, Y:4432290",40.0398471,-3.479520417
RQ37A8RE//74-28,"X:458440, Y:4432547",40.04213064,-3.487179331
RQAUFPTH//74-33-2,"X:458790, Y:4432486",40.04159824,-3.483072781
RPWULH1G//74-22-3,"X:458245, Y:4433022",40.04640048,-3.489495709
RQ9W9OJR//74-32,"X:458747, Y:4432425",40.04104657,-3.483572938
RQ82N3G8//74-33-5,"X:458661, Y:4432780",40.0442407,-3.48460365
RQA9HCG7//74-33-3,"X:458761, Y:4432559",40.04225451,-3.483417359
RQBMM8KX//74-33-1,"X:458825, Y:4432408",40.04089722,-3.482657562
RR24QJAE//59-14,"X:459937, Y:4433533",40.05108639,-3.469692559
RQ4O6CAL//74-29,"X:458508, Y:4432521",40.04189975,-3.486380577
RPUWQIFO//74-22-5-CT,"X:458157, Y:4433005",40.04624295,-3.490526204
RQ36IS7R//74-22-1,"X:458440, Y:4433096",40.04707681,-3.48721454
RQ82N36S//74-31,"X:458661, Y:4432460",40.04135769,-3.484583239
RQ61SCFJ//74-30,"X:458569, Y:4432497",40.04168652,-3.485664008
RQE5WOGE//74-34,"X:458938, Y:4432349",40.04037117,-3.481329271
RQ8UCGAG//74-33-4,"X:458698, Y:4432676",40.04330553,-3.484163298
RQ8AUX4A//74-33-6-CT,"X:458673, Y:4432870",40.04505213,-3.484468722
RQ0W7MUL//74-22-2,"X:458337, Y:4433056",40.04671135,-3.488419412
RT9A9GXW//D34-1,"X:463352, Y:4437514",40.08710836,-3.42988214
RRXRKN1Q//49,"X:461376, Y:4435912",40.07258697,-3.452964362
