Matricula tramo;Tipo Tramo;Tipo de conductor 1;Longitud Real (Km);Resistencia (ohmios);Reactancia (ohmios);Modelo constructivo 1;Impedancia (ohmios);Estructura de red
CDO7031363;SUBTERRANEO;UNI-AL-240-RHZ1-OL;0.06;0.002455856;0.002062919;330070C CABLE RHZ1-OL 12/20 KV 1X240 KAL+H16;0.003207315;PRINCIPAL
CDO7031336;AEREO;LA-30;0.149;0.433689088;0.16823101;350110 CABLE AL-ACERO LA- 30 UEFE 1.3.15.01;0.465175122;RACIMO
CDO7031337;SUBTERRANEO;UNI-AL-240-RHZ1-OL;0.022;0.002312583;0.00194257;330070C CABLE RHZ1-OL 12/20 KV 1X240 KAL+H16;0.003020202;RACIMO
CDO7031366;AEREO;LA-30;0.1;0.152525246;0.059165601;350110 CABLE AL-ACERO LA- 30 UEFE 1.3.15.01;0.163598642;RACIMO
CDO7031365;AEREO;LA-30;0.02;0.053612091;0.020796502;350110 CABLE AL-ACERO LA- 30 UEFE 1.3.15.01;0.057504356;RACIMO
CDO7031339;AEREO;LA-56;0.52;0.30279699;0.194796115;350120 CABLE AL-ACERO LA 56;0.360043824;RACIMO
CDO7031342;SUBTERRANEO;TRI-AL-150-PPV;0.336;0.057758853;0.024393301;350080 CABLE PPV 12/15 KV 3X150 AL UEFE 1.3.11.01;0.062698632;RACIMO
CDO7031343;AEREO;LA-56;0.05;0.015415573;0.009917185;350120 CABLE AL-ACERO LA 56;0.018330043;RACIMO
CDO7031344;AEREO;LA-30;0.02;0.019957174;0.007741526;350110 CABLE AL-ACERO LA- 30 UEFE 1.3.15.01;0.021406073;RACIMO
CDO7031372;AEREO;LA-30;0.48;0.070555806;0.027369088;350110 CABLE AL-ACERO LA- 30 UEFE 1.3.15.01;0.075678192;PRINCIPAL
CDO7031373;AEREO;LA-56;0.015;0.036512218;0.023489131;350120 CABLE AL-ACERO LA 56;0.043415219;RACIMO
CDO7031345;AEREO;LA-56;0.03;0.009358402;0.00602047;350120 CABLE AL-ACERO LA 56;0.011127702;RACIMO
CDO7031376;SUBTERRANEO;UNI-AL-240-RHV;0.004906662;0.000979416;0.00082271;330070A CABLE RHV 12/20 KV 1X240 KAL+H16 UEFE 1.3.13.01;0.001279104;PRINCIPAL
CDO7031346;AEREO;LA-30;0.011;0.017184131;0.006665844;350110 CABLE AL-ACERO LA- 30 UEFE 1.3.15.01;0.018431708;RACIMO
CDO7031370;SUBTERRANEO;UNI-AL-240-RHV;0.834;0.104687199;0.087937243;330070A CABLE RHV 12/20 KV 1X240 KAL+H16 UEFE 1.3.13.01;0.136720031;PRINCIPAL
CDO7031379;AEREO;LA-30;0.02;0.010279669;0.003987555;350110 CABLE AL-ACERO LA- 30 UEFE 1.3.15.01;0.011025978;RACIMO
CDO7031391;AEREO;LA-56;0.105314;0.013846842;0.008907984;350120 CABLE AL-ACERO LA 56;0.016464725;RACIMO
CDO7031384;AEREO;LA-56;0.25;0.226174086;0.145502865;350120 CABLE AL-ACERO LA 56;0.268934578;RACIMO
CDO7031385;SUBTERRANEO;UNI-AL-95 -RHZ1-OL;0.005;0.004545802;0.001704676;330040C CABLE RHZ1-OL 12/20 KV  1X95 KAL+H16;0.004854918;RACIMO
CDO7031393;SUBTERRANEO;UNI-AL-240-RHV;0.555;0.07308808;0.061393984;330070A CABLE RHV 12/20 KV 1X240 KAL+H16 UEFE 1.3.13.01;0.095452026;PRINCIPAL
CDO7031387;SUBTERRANEO;UNI-AL-240-RHV;1.42;0.149448887;0.125537068;330070A CABLE RHV 12/20 KV 1X240 KAL+H16 UEFE 1.3.13.01;0.195178196;PRINCIPAL
CDO7031388;AEREO;LA-56;0.025;0.011274705;0.007253271;350120 CABLE AL-ACERO LA 56;0.013406301;RACIMO
CDO7031351;SUBTERRANEO;UNI-AL-150-RHZ1-OL;0.28;0.05218349;0.028371608;330060C CABLE RHZ1-OL 12/20 KV 1X150 KAL+H16;0.059397515;RACIMO
CDO7031328;AEREO;LA-56;0.1;0.064882733;0.041740518;350120 CABLE AL-ACERO LA 56;0.077149466;RACIMO
CDO7031329;AEREO;LA-30;0.5;0.534585834;0.207369566;350110 CABLE AL-ACERO LA- 30 UEFE 1.3.15.01;0.57339704;RACIMO
CDO7031330;AEREO;LA-30;0.1;0.011046568;0.004285041;350110 CABLE AL-ACERO LA- 30 UEFE 1.3.15.01;0.011848554;RACIMO
CDO7031332;AEREO;LA-56;0.02;0.009280822;0.005970561;350120 CABLE AL-ACERO LA 56;0.011035455;RACIMO
CDO7031362;SUBTERRANEO;UNI-AL-240-RHV;0.634;0.077122644;0.064783022;330070A CABLE RHV 12/20 KV 1X240 KAL+H16 UEFE 1.3.13.01;0.100721113;PRINCIPAL
CDO7031353;SUBTERRANEO;UNI-AL-240-RHZ1-OL;0.06;0.001696488;0.00142505;330070C CABLE RHZ1-OL 12/20 KV 1X240 KAL+H16;0.002215589;PRINCIPAL
CDO7031354;AEREO;LA-30;0.02;0.015566444;0.006038332;350110 CABLE AL-ACERO LA- 30 UEFE 1.3.15.01;0.016696576;RACIMO
CDO7031355;SUBTERRANEO;UNI-AL-240-RHV;0.63;0.078628115;0.066047616;330070A CABLE RHV 12/20 KV 1X240 KAL+H16 UEFE 1.3.13.01;0.102687232;PRINCIPAL
CDO7031356;AEREO;LA-56;1.4;0.226842746;0.145933032;350120 CABLE AL-ACERO LA 56;0.269729644;RACIMO
CDO7031333;SUBTERRANEO;UNI-AL-240-RHV;0.517;0.065625153;0.055125128;330070A CABLE RHV 12/20 KV 1X240 KAL+H16 UEFE 1.3.13.01;0.085705549;PRINCIPAL
CDO7031378;SUBTERRANEO;UNI-AL-240-RHV;1.447;0.182741195;0.153502598;330070A CABLE RHV 12/20 KV 1X240 KAL+H16 UEFE 1.3.13.01;0.238657489;RACIMO
CDO7031335;AEREO;LA-30;0.06;0.041855395;0.016235998;350110 CABLE AL-ACERO LA- 30 UEFE 1.3.15.01;0.044894118;RACIMO
CDO7031348;AEREO;LA-56;0.15;0.047381021;0.030481277;350120 CABLE AL-ACERO LA 56;0.05633888;RACIMO
CDO7031349;AEREO;LA-30;0.389659;0.37341243;0.144849271;350110 CABLE AL-ACERO LA- 30 UEFE 1.3.15.01;0.400522351;RACIMO
CDO7031350;AEREO;LA-56;0.2;0.092215337;0.059324197;350120 CABLE AL-ACERO LA 56;0.109649569;RACIMO
CDO7031327;AEREO;LA-56;0.323;0.659991086;0.424587071;350120 CABLE AL-ACERO LA 56;0.784769058;RACIMO
CDO7031358;AEREO;LA-56;0.1;0.015185277;0.00976903;350120 CABLE AL-ACERO LA 56;0.018056206;RACIMO
CDO7031361;AEREO;LA-30;0.3;0.301848441;0.117089108;350110 CABLE AL-ACERO LA- 30 UEFE 1.3.15.01;0.323762774;RACIMO
CDO7031369;AEREO;LA-110;0.53;0.22074905;0.261735022;350130 CABLE AL-ACERO LA 110;0.342396498;PRINCIPAL
CDO7031395;SUBTERRANEO;UNI-AL-240-RHV;0.791;0.098638624;0.082856439;330070A CABLE RHV 12/20 KV 1X240 KAL+H16 UEFE 1.3.13.01;0.128820673;PRINCIPAL
CDO7031405;SUBTERRANEO;UNI-AL-240-RHV;0.841;0.11309313;0.094998226;330070A CABLE RHV 12/20 KV 1X240 KAL+H16 UEFE 1.3.13.01;0.14769806;PRINCIPAL
CDO7031398;AEREO;LA-56;0.08;0.033102486;0.021295574;350120 CABLE AL-ACERO LA 56;0.039360844;RACIMO
CDO7031399;SUBTERRANEO;TRI-AL-150-PPV;0.612;0.1224989;0.051734973;350080 CABLE PPV 12/15 KV 3X150 AL UEFE 1.3.11.01;0.132975519;RACIMO
CDO7031402;AEREO;LA-56;0.2;0.118464202;0.076210685;350120 CABLE AL-ACERO LA 56;0.140861049;RACIMO
CDO7031359;AEREO;LA-110;0.887683896;0.272516549;0.323114067;350130 CABLE AL-ACERO LA 110;0.422691345;PRINCIPAL
CDO7031403;AEREO;LA-56;0.1;0.046703652;0.030045509;350120 CABLE AL-ACERO LA 56;0.055533446;RACIMO
CDO7031380;SUBTERRANEO;UNI-AL-240-RHV;0.809;0.103508085;0.086946785;330070A CABLE RHV 12/20 KV 1X240 KAL+H16 UEFE 1.3.13.01;0.135180131;PRINCIPAL
CDO7031368;AEREO;LA-30;0.660024149;0.635116458;0.246366099;350110 CABLE AL-ACERO LA- 30 UEFE 1.3.15.01;0.681226194;RACIMO
CDO7031334;AEREO;LA-110;0.17;0.052775774;0.062574528;350130 CABLE AL-ACERO LA 110;0.081858747;PRINCIPAL
CDO7031408;AEREO;LA-30;0.693145816;0.781416953;0.303117067;350110 CABLE AL-ACERO LA- 30 UEFE 1.3.15.01;0.838148177;RACIMO
CDO7031409;AEREO;LA-56;0.02469687;0.015163879;0.009755264;350120 CABLE AL-ACERO LA 56;0.018030763;RACIMO
CDO7031360;AEREO;LA-30;0.506918634;0.571474016;0.221678734;350110 CABLE AL-ACERO LA- 30 UEFE 1.3.15.01;0.612963319;RACIMO
CDO7031374;AEREO;LA-110;1.614054379;0.495512277;0.58751291;350130 CABLE AL-ACERO LA 110;0.768572628;PRINCIPAL
CDO7031371;AEREO;LA-110;0.44;0.138413578;0.164112508;350130 CABLE AL-ACERO LA 110;0.214688689;PRINCIPAL
CDO7031404;AEREO;LA-110;1.053;0.144801363;0.171686307;350130 CABLE AL-ACERO LA 110;0.224596575;PRINCIPAL
CDO7031394;AEREO;LA-110;2.89015601;1.17530477;1.393520832;350130 CABLE AL-ACERO LA 110;1.822976112;PRINCIPAL
CDO7031364;AEREO;LA-30;0.022456407;0.024140622;0.009364315;350110 CABLE AL-ACERO LA- 30 UEFE 1.3.15.01;0.025893243;RACIMO
CDO7031410;AEREO;LA-56;0.311423966;0.190101266;0.122296415;350120 CABLE AL-ACERO LA 56;0.226041824;PRINCIPAL
CDO7031341;AEREO;LA-56;0.710569288;0.436288267;0.28067404;350120 CABLE AL-ACERO LA 56;0.51877296;PRINCIPAL
CDO7031367;SUBTERRANEO;UNI-AL-240-RHZ1;0.266;0.027796522;0.023349078;330070B CABLE RHZ1 12/20 KV 1X240 KAL+H16 UEFE 1.3.13.01;0.036301874;PRINCIPAL
CDO7031416;AEREO;LA-56;0.00709603;0.004356963;0.002802932;350120 CABLE AL-ACERO LA 56;0.00518069;RACIMO
CDO7031415;AEREO;LA-110;0.006029266;0.001850985;0.002194653;350130 CABLE AL-ACERO LA 110;0.002871;PRINCIPAL
CDO7031396;AEREO;LA-56;0.02101442;0.013717296;0.008824645;350120 CABLE AL-ACERO LA 56;0.016310688;RACIMO
CDO7031357;AEREO;LA-110;1.8;0.54637444;0.647818506;350130 CABLE AL-ACERO LA 110;0.847463191;PRINCIPAL
CDO7031420;AEREO;LA-56;0.051136103;0.048470337;0.031182056;350120 CABLE AL-ACERO LA 56;0.057634141;RACIMO
CDO7031407;AEREO;LA-56;0.117065701;0.110962965;0.071384966;350120 CABLE AL-ACERO LA 56;0.131941631;RACIMO
CDO7031401;SUBTERRANEO;UNI-AL-240-RHV;0.997293534;0.124660276;0.104714632;330070A CABLE RHV 12/20 KV 1X240 KAL+H16 UEFE 1.3.13.01;0.162804604;SECUNDARIO
CDO7031377;SUBTERRANEO;UNI-AL-150-RHV;0.03769377;0.007764889;0.004221688;330060A CABLE RHV 12/20 KV 1X150 KAL+H16 UEFE 1.3.13.01;0.008838334;PRINCIPAL
CDO7031278;SUBTERRANEO;UNI-AL-240-RHZ1;0.727718777;0.090964623;0.076410279;330070B CABLE RHZ1 12/20 KV 1X240 KAL+H16 UEFE 1.3.13.01;0.118798539;SECUNDARIO
CDO7031340;SUBTERRANEO;UNI-AL-240-RHZ1-OL;0.775816085;0.096976921;0.08146061;330070C CABLE RHZ1-OL 12/20 KV 1X240 KAL+H16;0.126650527;SECUNDARIO
CDO7031400;SUBTERRANEO;UNI-AL-240-RHZ1-OL;0.205804952;0.025725512;0.021609429;330070C CABLE RHZ1-OL 12/20 KV 1X240 KAL+H16;0.033597164;SECUNDARIO
CDO7031386;SUBTERRANEO;UNI-AL-240-RHZ1-OL;0.622436338;0.077804312;0.065355621;330070C CABLE RHZ1-OL 12/20 KV 1X240 KAL+H16;0.101611361;RACIMO
CDO7031352;SUBTERRANEO;UNI-AL-240-RHZ1-OL;0.600617647;0.075077012;0.063064687;330070C CABLE RHZ1-OL 12/20 KV 1X240 KAL+H16;0.098049544;SECUNDARIO
CDO7031383;SUBTERRANEO;UNI-AL-240-RHZ1-OL;0.490479472;0.061309822;0.05150025;330070C CABLE RHZ1-OL 12/20 KV 1X240 KAL+H16;0.08006978;SECUNDARIO
CDO7031390;SUBTERRANEO;UNI-AL-240-RHZ1-OL;0.587368772;0.073420987;0.061673626;330070C CABLE RHZ1-OL 12/20 KV 1X240 KAL+H16;0.095886797;RACIMO
CDO7031382;SUBTERRANEO;UNI-AL-240-RHV;0.07309616;0.021933146;0.018423842;330070A CABLE RHV 12/20 KV 1X240 KAL+H16 UEFE 1.3.13.01;0.028644387;PRINCIPAL
CDO7031375;AEREO;LA-56;0.8;0.595539391;0.383123875;350120 CABLE AL-ACERO LA 56;0.708132088;PRINCIPAL
CDO7031331;AEREO;LA-56;0.2;0.143508494;0.092322238;350120 CABLE AL-ACERO LA 56;0.170640215;PRINCIPAL
CDO7031381;AEREO;LA-56;0.248553514;0.151723504;0.097607143;350120 CABLE AL-ACERO LA 56;0.180408359;PRINCIPAL
CDO7031347;SUBTERRANEO;UNI-AL-240-RHV;0.751483216;0.095813408;0.080483258;330070A CABLE RHV 12/20 KV 1X240 KAL+H16 UEFE 1.3.13.01;0.125130981;PRINCIPAL
CDO7031406;SUBTERRANEO;UNI-AL-150-RHV;0.067976474;0.014003071;0.00761332;330060A CABLE RHV 12/20 KV 1X150 KAL+H16 UEFE 1.3.13.01;0.015938904;PRINCIPAL
CDO7031389;AEREO;LA-30;0.09;0.102704152;0.039839655;350110 CABLE AL-ACERO LA- 30 UEFE 1.3.15.01;0.110160522;RACIMO
CDO7031418;AEREO;LA-56;0.325674011;0.207224742;0.13331233;350120 CABLE AL-ACERO LA 56;0.246402651;PRINCIPAL
CDO7031397;AEREO;LA-56;0.046096729;0.029331118;0.018869366;350120 CABLE AL-ACERO LA 56;0.034876458;PRINCIPAL
CDO7031413;AEREO;LA-56;0.059;0.053458422;0.034391005;350120 CABLE AL-ACERO LA 56;0.063565277;PRINCIPAL
NBZ7080815;AEREO;LA-56;0.009333397;0.005730671;0.003686669;350120 CABLE AL-ACERO LA 56;0.006814112;RACIMO
NBZ7080803;AEREO;LA-56;0.244784663;0.162212655;0.104355045;350120 CABLE AL-ACERO LA 56;0.192880586;RACIMO
NBZ7080905;AEREO;LA-56;0.074591774;0.049430098;0.031799491;350120 CABLE AL-ACERO LA 56;0.058775354;RACIMO
NBZ7080831;AEREO;PAS-50;0.083516874;0.052030828;0.034241796;247548 CABLE FORRADO 24KV 1X50 ALM;0.062287301;SECUNDARIO
NBZ7080891;AEREO;LA-30;0.036337373;0.039062552;0.015152636;350110 CABLE AL-ACERO LA- 30 UEFE 1.3.15.01;0.041898511;RACIMO
NBZ7080889;AEREO;LA-56;0.453276399;0.27831018;0.179043189;350120 CABLE AL-ACERO LA 56;0.330927521;SECUNDARIO
NBZ7080871;AEREO;LA-56;0.774294395;0.475417048;0.305846483;350120 CABLE AL-ACERO LA 56;0.565299451;RACIMO
NBZ7080879;AEREO;LA-30;0.061824016;0.0664609;0.025780644;350110 CABLE AL-ACERO LA- 30 UEFE 1.3.15.01;0.071285993;RACIMO
NBZ7080904;AEREO;LA-56;0.180987607;0.111126497;0.071490176;350120 CABLE AL-ACERO LA 56;0.132136077;RACIMO
NBZ7080807;AEREO;LA-56;0.025995342;0.015961133;0.010268155;350120 CABLE AL-ACERO LA 56;0.018978747;RACIMO
NBZ7080804;AEREO;LA-56;0.297794768;0.182845443;0.117628582;350120 CABLE AL-ACERO LA 56;0.217414215;SECUNDARIO
NBZ7080822;AEREO;LA-56;0.818063098;0.502288103;0.32313323;350120 CABLE AL-ACERO LA 56;0.59725076;SECUNDARIO
NBZ7080791;AEREO;LA-56;0.013290025;0.008160084;0.005249565;350120 CABLE AL-ACERO LA 56;0.00970283;RACIMO
NBZ7080806;AEREO;LA-30;0.436653428;0.469382316;0.182076663;350110 CABLE AL-ACERO LA- 30 UEFE 1.3.15.01;0.503459692;RACIMO
NBZ7080878;AEREO;LA-30;0.098989671;0.106414095;0.041278768;350110 CABLE AL-ACERO LA- 30 UEFE 1.3.15.01;0.11413981;RACIMO
NBZ7080830;AEREO;LA-56;0.114849499;0.070514359;0.045363471;350120 CABLE AL-ACERO LA 56;0.083845809;RACIMO
NBZ7080898;AEREO;LA-56;0.08;0.056817267;0.036551826;350120 CABLE AL-ACERO LA 56;0.067559145;RACIMO
NBZ7080816;AEREO;LA-30;0.10206705;0.109721459;0.042561717;350110 CABLE AL-ACERO LA- 30 UEFE 1.3.15.01;0.117687292;RACIMO
NBZ7080881;AEREO;LA-30;0.127488528;0.137049198;0.053162336;350110 CABLE AL-ACERO LA- 30 UEFE 1.3.15.01;0.146999046;RACIMO
NBZ7080793;SUBTERRANEO;UNI-AL-240-RHZ1-2OL;0.376557541;0.047069758;0.039538596;330070 CABLE RHZ1-2OL 12/20 KV 1X240 KAL+H16;0.061472457;SECUNDARIO
NBZ7080794;SUBTERRANEO;UNI-AL-240-RHZ1-2OL;0.697825164;0.087228224;0.073271707;330070 CABLE RHZ1-2OL 12/20 KV 1X240 KAL+H16;0.113918856;SECUNDARIO
NBZ7080795;SUBTERRANEO;UNI-AL-240-RHZ1-2OL;0.296709081;0.037088677;0.031154487;330070 CABLE RHZ1-2OL 12/20 KV 1X240 KAL+H16;0.048437301;RACIMO
NBZ7080837;SUBTERRANEO;UNI-AL-240-RHZ1-2OL;0.016456924;0.002057119;0.00172798;330070 CABLE RHZ1-2OL 12/20 KV 1X240 KAL+H16;0.002686569;RACIMO
NBZ7080838;AEREO;LA-110;0.716750327;0.220042929;0.260897785;350130 CABLE AL-ACERO LA 110;0.341301262;RACIMO
NBZ7080839;SUBTERRANEO;UNI-AL-240-RHZ1-2OL;0.596133832;0.074516885;0.062594183;330070 CABLE RHZ1-2OL 12/20 KV 1X240 KAL+H16;0.097318023;RACIMO
NBZ7080789;SUBTERRANEO;UNI-AL-240-RHZ1-2OL;0.121517452;0.015189717;0.012759361;330070 CABLE RHZ1-2OL 12/20 KV 1X240 KAL+H16;0.01983756;SECUNDARIO
NBZ7080790;AEREO;UNI-AL-150-RS;0.085889457;0.017693287;0.010993888;330020 CABLE RS 12/20 KV 3X150 AL/50AC;0.020830696;SECUNDARIO
NBZ7080792;SUBTERRANEO;UNI-AL-240-RHZ1-2OL;0.652221202;0.081527717;0.068483278;330070 CABLE RHZ1-2OL 12/20 KV 1X240 KAL+H16;0.106474072;SECUNDARIO
NBZ7080779;AEREO;LA-30;0.054156614;0.050493538;0.019586796;350110 CABLE AL-ACERO LA- 30 UEFE 1.3.15.01;0.054159395;RACIMO
NBZ7080829;AEREO;LA-56;0.13;0.059339933;0.038174715;350120 CABLE AL-ACERO LA 56;0.070558749;RACIMO
NBZ7080781;AEREO;LA-56;0.19908215;0.122235693;0.078636967;350120 CABLE AL-ACERO LA 56;0.145345584;RACIMO
NBZ7080900;AEREO;LA-30;0.186568841;0.200560674;0.077798881;350110 CABLE AL-ACERO LA- 30 UEFE 1.3.15.01;0.215121478;RACIMO
NBZ7080883;AEREO;PAS-50;0.076473367;0.04764273;0.031353962;247548 CABLE FORRADO 24KV 1X50 ALM;0.057034206;SECUNDARIO
NBZ7080782;SUBTERRANEO;UNI-AL-95 -RHZ1-OL;0.008495187;0.002718463;0.001019424;330040C CABLE RHZ1-OL 12/20 KV  1X95 KAL+H16;0.00290332;RACIMO
NBZ7080825;SUBTERRANEO;UNI-AL-240-RHZ1-OL;0.101247596;0.008400361;0.007056303;330070C CABLE RHZ1-OL 12/20 KV 1X240 KAL+H16;0.010970755;PRINCIPAL
NBZ7080824;SUBTERRANEO;UNI-AL-240-RHZ1-OL;0.365534702;0.041533306;0.034887977;330070C CABLE RHZ1-OL 12/20 KV 1X240 KAL+H16;0.054241925;PRINCIPAL
NBZ7080844;AEREO;LA-56;0.017424028;0.01069826;0.006882431;350120 CABLE AL-ACERO LA 56;0.012720874;RACIMO
NBZ7080828;AEREO;LA-56;0.101699397;0.062443525;0.040171321;350120 CABLE AL-ACERO LA 56;0.074249104;RACIMO
NBZ7080907;SUBTERRANEO;UNI-AL-240-RHZ1-2OL;0.003121853;0.000354716;0.000297961;330070 CABLE RHZ1-2OL 12/20 KV 1X240 KAL+H16;0.000463254;PRINCIPAL
NBZ7080906;SUBTERRANEO;UNI-AL-240-RHZ1-OL;0.009107658;0.001034843;0.000869268;330070C CABLE RHZ1-OL 12/20 KV 1X240 KAL+H16;0.001351491;PRINCIPAL
NBZ7080867;AEREO;LA-30;1.206743723;1.297251463;0.503212869;350110 CABLE AL-ACERO LA- 30 UEFE 1.3.15.01;1.391432524;RACIMO
NBZ7080890;AEREO;LA-56;1.400556538;0.859942377;0.553220212;350120 CABLE AL-ACERO LA 56;1.022523046;SECUNDARIO
NBZ7080780;SUBTERRANEO;UNI-AL-240-RHV;0.187723608;0.037273895;0.03131007;330070A CABLE RHV 12/20 KV 1X240 KAL+H16 UEFE 1.3.13.01;0.048679192;PRINCIPAL
NBZ7080901;AEREO;LA-56;0.036733755;0.022554547;0.014509846;350120 CABLE AL-ACERO LA 56;0.026818711;RACIMO
NBZ7080819;AEREO;LA-30;0.020291319;0.021813216;0.008461498;350110 CABLE AL-ACERO LA- 30 UEFE 1.3.15.01;0.023396865;RACIMO
NBZ7080820;AEREO;LA-56;0.070732901;0.043429993;0.027939489;350120 CABLE AL-ACERO LA 56;0.051640868;RACIMO
NBZ7080852;AEREO;LA-110;1.98;0.647526979;0.767751813;350130 CABLE AL-ACERO LA 110;1.004357457;PRINCIPAL
NBZ7080842;AEREO;LA-110;2.261;0.686169863;0.813569427;350130 CABLE AL-ACERO LA 110;1.064295173;PRINCIPAL
NBZ7080843;AEREO;LA-110;1.229;0.377220124;0.447257698;350130 CABLE AL-ACERO LA 110;0.585093558;PRINCIPAL
NBZ7080846;AEREO;LA-110;0.508;0.149788141;0.177598953;350130 CABLE AL-ACERO LA 110;0.232331395;PRINCIPAL
NBZ7080847;AEREO;LA-110;0.302;0.09310127;0.110387169;350130 CABLE AL-ACERO LA 110;0.144406274;PRINCIPAL
NBZ7080849;AEREO;LA-110;1.469;0.451586723;0.535431802;350130 CABLE AL-ACERO LA 110;0.700441182;PRINCIPAL
NBZ7080848;AEREO;LA-110;0.306;0.093320303;0.110646874;350130 CABLE AL-ACERO LA 110;0.14474602;PRINCIPAL
NBZ7080840;AEREO;LA-110;1.276;0.385851353;0.457491487;350130 CABLE AL-ACERO LA 110;0.598481178;PRINCIPAL
NBZ7080851;AEREO;LA-110;0.053;0.011823056;0.014018215;350130 CABLE AL-ACERO LA 110;0.018338349;PRINCIPAL
NBZ7080826;SUBTERRANEO;UNI-AL-240-RHZ1-2OL;0.124666394;0.017728724;0.014892127;330070 CABLE RHZ1-2OL 12/20 KV 1X240 KAL+H16;0.023153467;PRINCIPAL
NBZ7080810;AEREO;LA-56;0.75;0.471107632;0.303074121;350120 CABLE AL-ACERO LA 56;0.56017524;SECUNDARIO
NBZ7080811;AEREO;LA-56;0.5;0.266605705;0.171513438;350120 CABLE AL-ACERO LA 56;0.317010194;SECUNDARIO
NBZ7080913;AEREO;LA-30;0.084133618;0.090443641;0.035083719;350110 CABLE AL-ACERO LA- 30 UEFE 1.3.15.01;0.097009897;RACIMO
NBZ7080914;AEREO;LA-56;0.025223968;0.015487517;0.009963468;350120 CABLE AL-ACERO LA 56;0.018415589;RACIMO
NBZ7080832;AEREO;LA-56;0.153;0.115260631;0.074149758;350120 CABLE AL-ACERO LA 56;0.137051821;RACIMO
NBZ7080788;SUBTERRANEO;UNI-AL-240-RHZ1-2OL;0.43;0.053437375;0.044887394;330070 CABLE RHZ1-2OL 12/20 KV 1X240 KAL+H16;0.069788478;PRINCIPAL
NBZ7080892;AEREO;LA-30;0.059;0.056478005;0.021908211;350110 CABLE AL-ACERO LA- 30 UEFE 1.3.15.01;0.060578335;RACIMO
NBZ7080784;SUBTERRANEO;UNI-AL-240-RHZ1-2OL;0.008;0.002080884;0.001747943;330070 CABLE RHZ1-2OL 12/20 KV 1X240 KAL+H16;0.002717606;PRINCIPAL
NBZ7080876;SUBTERRANEO;UNI-AL-240-RHZ1-2OL;0.063;0.01117115;0.009383766;330070 CABLE RHZ1-2OL 12/20 KV 1X240 KAL+H16;0.014589368;RACIMO
NBZ7080870;SUBTERRANEO;UNI-AL-240-RHZ1-2OL;0.026;0.007500788;0.006300662;330070 CABLE RHZ1-2OL 12/20 KV 1X240 KAL+H16;0.009795926;SECUNDARIO
NBZ7080813;AEREO;LA-110;0.071;0.022381864;0.026537454;350130 CABLE AL-ACERO LA 110;0.034715764;PRINCIPAL
NBZ7080801;SUBTERRANEO;UNI-AL-150-RHV;0.352;0.064880379;0.03527477;330060A CABLE RHV 12/20 KV 1X150 KAL+H16 UEFE 1.3.13.01;0.073849663;SECUNDARIO
NBZ7080856;SUBTERRANEO;UNI-AL-240-RHZ1-2OL;0.2;0.019446487;0.016335048;330070 CABLE RHZ1-2OL 12/20 KV 1X240 KAL+H16;0.025396843;PRINCIPAL
NBZ7080887;AEREO;LA-56;0.09006979;0.072378069;0.046562441;350120 CABLE AL-ACERO LA 56;0.086061873;RACIMO
NBZ7080894;SUBTERRANEO;UNI-AL-240-RHZ1-2OL;0.416;0.049664982;0.041718584;330070 CABLE RHZ1-2OL 12/20 KV 1X240 KAL+H16;0.064861782;PRINCIPAL
NBZ7080821;AEREO;LA-56;0.02;0.010639207;0.006844441;350120 CABLE AL-ACERO LA 56;0.012650656;RACIMO
NBZ7080888;AEREO;LA-56;0.0942635;0.075097583;0.048311964;350120 CABLE AL-ACERO LA 56;0.089295536;RACIMO
NBZ7080833;AEREO;LA-56;0.05;0.039516553;0.025421886;350120 CABLE AL-ACERO LA 56;0.046987556;RACIMO
NBZ7080818;AEREO;LA-56;0.1;0.107292376;0.069023594;350120 CABLE AL-ACERO LA 56;0.127577081;RACIMO
NBZ7080865;AEREO;LA-110;0.131;0.052270453;0.061975386;350130 CABLE AL-ACERO LA 110;0.081074961;RACIMO
NBZ7080841;AEREO;LA-110;0.2;0.060383007;0.071594179;350130 CABLE AL-ACERO LA 110;0.093658067;RACIMO
NBZ7080799;SUBTERRANEO;UNI-AL-150-RHZ1-OL;0.146;0.025893431;0.014077983;330060C CABLE RHZ1-OL 12/20 KV 1X150 KAL+H16;0.029473027;RACIMO
NBZ7080783;SUBTERRANEO;UNI-AL-240-RHZ1-2OL;0.008;0.001253598;0.001053023;330070 CABLE RHZ1-2OL 12/20 KV 1X240 KAL+H16;0.001637182;PRINCIPAL
NBZ7080877;SUBTERRANEO;UNI-AL-240-RHZ1;0.238;0.005929553;0.004980824;330070B CABLE RHZ1 12/20 KV 1X240 KAL+H16 UEFE 1.3.13.01;0.007743914;PRINCIPAL
NBZ7080893;AEREO;LA-30;0.009477696;0.023086974;0.008955598;350110 CABLE AL-ACERO LA- 30 UEFE 1.3.15.01;0.0247631;RACIMO
NBZ7080809;SUBTERRANEO;UNI-AL-240-RHZ1-OL;0.105;0.00821727;0.006902507;330070C CABLE RHZ1-OL 12/20 KV 1X240 KAL+H16;0.010731642;PRINCIPAL
NBZ7080836;SUBTERRANEO;UNI-AL-240-RHZ1-2OL;0.416;0.05161633;0.043357715;330070 CABLE RHZ1-2OL 12/20 KV 1X240 KAL+H16;0.067410216;PRINCIPAL
NBZ7080778;SUBTERRANEO;UNI-AL-240-RHZ1-2OL;0.015;0.002257268;0.001896105;330070 CABLE RHZ1-2OL 12/20 KV 1X240 KAL+H16;0.002947961;PRINCIPAL
NBZ7080895;AEREO;LA-56;0.04;0.011818321;0.007602992;350120 CABLE AL-ACERO LA 56;0.014052694;SECUNDARIO
NBZ7080885;AEREO;LA-56;0.305801;0.098618299;0.06344337;350120 CABLE AL-ACERO LA 56;0.117263079;SECUNDARIO
NBZ7080787;SUBTERRANEO;UNI-AL-240-RHZ1-2OL;0.325;0.040862475;0.034324478;330070 CABLE RHZ1-2OL 12/20 KV 1X240 KAL+H16;0.05336583;PRINCIPAL
NBZ7080858;SUBTERRANEO;UNI-AL-240-RHZ1-2OL;0.25;0.028813949;0.024203716;330070 CABLE RHZ1-2OL 12/20 KV 1X240 KAL+H16;0.037630618;PRINCIPAL
NBZ7080823;AEREO;LA-56;0.035;0.016407412;0.010555257;350120 CABLE AL-ACERO LA 56;0.019509397;RACIMO
NBZ7080827;AEREO;LA-30;0.03;0.031555511;0.012240602;350110 CABLE AL-ACERO LA- 30 UEFE 1.3.15.01;0.033846457;RACIMO
NBZ7080835;SUBTERRANEO;UNI-AL-150-RHZ1-OL;0.03;0.002735638;0.001487337;330060C CABLE RHZ1-OL 12/20 KV 1X150 KAL+H16;0.003113822;RACIMO
NBZ7080874;SUBTERRANEO;UNI-AL-240-RHZ1-2OL;0.062;0.011069637;0.009298495;330070 CABLE RHZ1-2OL 12/20 KV 1X240 KAL+H16;0.014456794;PRINCIPAL
NBZ7080817;AEREO;LA-56;0.12252229;0.319899201;0.205798343;350120 CABLE AL-ACERO LA 56;0.380379349;RACIMO
NBZ7080872;SUBTERRANEO;UNI-AL-240-RHZ1-2OL;0.01;0.002114745;0.001776386;330070 CABLE RHZ1-2OL 12/20 KV 1X240 KAL+H16;0.002761828;PRINCIPAL
NBZ7080796;AEREO;LA-56;0.175;0.107355341;0.069064103;350120 CABLE AL-ACERO LA 56;0.127651945;SECUNDARIO
NBZ7080850;AEREO;LA-30;0.055;0.056510434;0.021920791;350110 CABLE AL-ACERO LA- 30 UEFE 1.3.15.01;0.060613118;RACIMO
NBZ7080886;AEREO;LA-30;0.01986545;0.01170702;0.004541235;350110 CABLE AL-ACERO LA- 30 UEFE 1.3.15.01;0.012556955;RACIMO
NBZ7080786;SUBTERRANEO;UNI-AL-240-RHZ1-2OL;0.32;0.036240872;0.030442331;330070 CABLE RHZ1-2OL 12/20 KV 1X240 KAL+H16;0.047330078;SECUNDARIO
NBZ7080866;SUBTERRANEO;UNI-AL-150-RHZ1-OL;0.32;0.043988787;0.023916233;330060C CABLE RHZ1-OL 12/20 KV 1X150 KAL+H16;0.050069947;RACIMO
NBZ7080798;AEREO;LA-56;0.02;0.013841808;0.008904746;350120 CABLE AL-ACERO LA 56;0.01645874;RACIMO
NBZ7080855;SUBTERRANEO;UNI-AL-240-RHZ1-2OL;0.028;0.000716135;0.000601554;330070 CABLE RHZ1-2OL 12/20 KV 1X240 KAL+H16;0.000935263;PRINCIPAL
NBZ7080812;AEREO;LA-30;0.06;0.061701436;0.023934415;350110 CABLE AL-ACERO LA- 30 UEFE 1.3.15.01;0.066180989;RACIMO
NBZ7080854;AEREO;LA-56;0.015;0.017009754;0.010942757;350120 CABLE AL-ACERO LA 56;0.020225618;RACIMO
NBZ7080808;SUBTERRANEO;UNI-AL-240-RHZ1-OL;0.125;0.01377419;0.01157032;330070C CABLE RHZ1-OL 12/20 KV 1X240 KAL+H16;0.017988902;SECUNDARIO
NBZ7080863;AEREO;LA-40;0.051;0.029785357;0.015352093;35004A CABLE AL-ACERO LA 40;0.03350902;RACIMO
NBZ7080896;SUBTERRANEO;UNI-AL-240-RHZ1-OL;1.4;0.160858825;0.135121405;330070C CABLE RHZ1-OL 12/20 KV 1X240 KAL+H16;0.210079402;SECUNDARIO
NBZ7080899;SUBTERRANEO;UNI-AL-150-RHZ1-2OL;0.015;0.007818622;0.004250901;330060 CABLE RHZ1-2OL 12/20 KV 1X150 KAL+H16;0.008899494;RACIMO
NBZ7080861;AEREO;LA-110;0.036;0.010068262;0.011937614;350130 CABLE AL-ACERO LA 110;0.015616546;PRINCIPAL
NBZ7080814;AEREO;LA-110;0.18;0.036801435;0.043634269;350130 CABLE AL-ACERO LA 110;0.057081476;PRINCIPAL
NBZ7080862;SUBTERRANEO;UNI-AL-240-RHZ1-2OL;0.03;0.001941439;0.001630809;330070 CABLE RHZ1-2OL 12/20 KV 1X240 KAL+H16;0.002535493;PRINCIPAL
NBZ7080884;AEREO;LA-30;0.265;0.578582942;0.224436343;350110 CABLE AL-ACERO LA- 30 UEFE 1.3.15.01;0.620588362;RACIMO
NBZ7080903;SUBTERRANEO;DESCONOCIDO;0.03;0.004658893;0.003191023;1 SIN DATOS ESPECIFICOS;0.005646938;RACIMO
NBZ7080802;SUBTERRANEO;UNI-AL-150-RHV;0.32;0.059670139;0.032442018;330060A CABLE RHV 12/20 KV 1X150 KAL+H16 UEFE 1.3.13.01;0.067919143;SECUNDARIO
NBZ7080873;SUBTERRANEO;UNI-AL-240-RHZ1-2OL;0.01;0.003859029;0.003241584;330070 CABLE RHZ1-2OL 12/20 KV 1X240 KAL+H16;0.005039838;PRINCIPAL
NBZ7080859;SUBTERRANEO;UNI-AL-240-RHZ1-2OL;0.385;0.044811103;0.037641324;330070 CABLE RHZ1-2OL 12/20 KV 1X240 KAL+H16;0.058522683;PRINCIPAL
NBZ7080805;SUBTERRANEO;UNI-AL-240-RHZ1-2OL;0.161;0.024192974;0.020322097;330070 CABLE RHZ1-2OL 12/20 KV 1X240 KAL+H16;0.031595688;PRINCIPAL
NBZ7080875;SUBTERRANEO;UNI-AL-240-RHZ1-2OL;0.062;0.010353133;0.008696632;330070 CABLE RHZ1-2OL 12/20 KV 1X240 KAL+H16;0.013521049;PRINCIPAL
NBZ7080845;AEREO;LA-56;0.069;0.040810559;0.026254348;350120 CABLE AL-ACERO LA 56;0.048526205;SECUNDARIO
NBZ7080897;AEREO;LA-30;0.26;0.271083683;0.105155244;350110 CABLE AL-ACERO LA- 30 UEFE 1.3.15.01;0.290764481;RACIMO
NBZ7080860;SUBTERRANEO;UNI-AL-240-RHZ1-2OL;0.065;0.004205031;0.003532226;330070 CABLE RHZ1-2OL 12/20 KV 1X240 KAL+H16;0.005491712;PRINCIPAL
NBZ7080797;SUBTERRANEO;UNI-AL-150-RHZ1-OL;0.005;0.002866622;0.001558552;330060C CABLE RHZ1-OL 12/20 KV 1X150 KAL+H16;0.003262914;RACIMO
NBZ7080800;SUBTERRANEO;UNI-AL-150-RHV;0.174;0.031183869;0.016954336;330060A CABLE RHV 12/20 KV 1X150 KAL+H16 UEFE 1.3.13.01;0.035494834;SECUNDARIO
NBZ7080864;SUBTERRANEO;UNI-AL-240-RHZ1-2OL;0.03;0.001699389;0.001427487;330070 CABLE RHZ1-2OL 12/20 KV 1X240 KAL+H16;0.002219379;PRINCIPAL
NBZ7080880;SUBTERRANEO;UNI-AL-240-RHZ1-2OL;0.005;0.001854395;0.001557692;330070 CABLE RHZ1-2OL 12/20 KV 1X240 KAL+H16;0.002421814;RACIMO
NBZ7080857;SUBTERRANEO;UNI-AL-240-RHZ1-2OL;0.715209274;0.08353097;0.070166014;330070 CABLE RHZ1-2OL 12/20 KV 1X240 KAL+H16;0.109090298;PRINCIPAL
NBZ7080902;SUBTERRANEO;UNI-AL-240-RHZ1-OL;1.893912191;0.229079276;0.192426592;330070C CABLE RHZ1-OL 12/20 KV 1X240 KAL+H16;0.299174368;PRINCIPAL
NBZ7080785;AEREO;LA-56;0.02;0.0093873;0.006039061;350120 CABLE AL-ACERO LA 56;0.011162064;RACIMO
NBZ7080868;AEREO;LA-30;0.577221759;0.621200562;0.240968019;350110 CABLE AL-ACERO LA- 30 UEFE 1.3.15.01;0.666299999;RACIMO
NBZ7080853;AEREO;LA-56;0.593241844;0.364248872;0.234329492;350120 CABLE AL-ACERO LA 56;0.433113784;SECUNDARIO
NBZ7080834;AEREO;LA-56;0.671160193;0.412092745;0.265108526;350120 CABLE AL-ACERO LA 56;0.49000302;SECUNDARIO
NBZ7080869;AEREO;LA-30;0.266190067;0.283620983;0.110018551;350110 CABLE AL-ACERO LA- 30 UEFE 1.3.15.01;0.304212004;RACIMO